Age,Gender,Weight (kg),Height (m),BMI,Fat_Percentage,Max_BPM,Avg_BPM,Resting_BPM,Session_Duration (hours),Workout_Type,Water_Intake (liters),Workout_Frequency (days/week),Experience_Level,Calories_Burned
47,Female,75.3,1.72,25.4,41.2,177,166,63,0.71,HIIT,1.24,4,Intermediate,472
30,Female,86.1,1.74,28.5,33.9,173,136,74,0.8,Strength,0.84,3,Intermediate,349
29,Female,60.8,1.64,22.7,34.4,189,122,66,0.82,Yoga,0.87,7,Advanced,169
23,Female,65.5,1.61,25.2,15.7,182,163,67,0.62,HIIT,1.29,5,Intermediate,402
18,Female,65.4,1.71,22.3,23.6,192,161,68,1.38,Cardio,2.27,1,Beginner,601
39,Male,80.8,1.75,26.3,17.2,185,131,80,1.24,Yoga,1.4,2,Beginner,333
60,Female,55.1,1.57,22.3,32.5,183,180,74,0.67,HIIT,1.6,4,Intermediate,355
27,Male,71.0,1.79,22.2,25.1,181,173,74,0.6,HIIT,1.03,5,Intermediate,466
36,Male,76.7,1.71,26.4,31.6,182,151,71,1.0,Cardio,1.55,3,Beginner,518
58,Female,63.7,1.62,24.3,32.4,163,125,72,1.12,Strength,2.02,4,Intermediate,389
51,Female,46.4,1.63,17.5,30.1,167,130,63,0.97,Strength,0.96,3,Intermediate,304
18,Female,55.3,1.69,19.3,23.2,190,130,67,0.88,Yoga,0.96,4,Advanced,189
39,Male,68.4,1.83,20.4,25.2,187,172,56,0.55,HIIT,0.93,5,Intermediate,379
24,Female,62.7,1.71,21.4,30.0,187,178,61,0.43,HIIT,0.96,5,Intermediate,239
28,Male,76.3,1.7,26.4,22.1,204,158,72,0.61,Strength,0.93,2,Beginner,208
28,Male,74.0,1.7,25.6,13.6,191,169,85,0.43,Cardio,1.06,3,Intermediate,281
44,Male,83.8,1.7,28.8,17.1,170,126,64,1.27,Strength,1.84,1,Beginner,500
26,Female,65.5,1.54,27.7,36.1,187,165,63,1.13,Cardio,1.49,4,Intermediate,580
28,Male,81.5,1.68,28.9,28.2,183,166,72,0.48,HIIT,0.94,5,Intermediate,416
27,Female,67.6,1.58,27.1,33.5,194,187,85,0.56,HIIT,1.21,2,Beginner,291
33,Male,83.1,1.8,25.6,20.1,173,162,76,0.56,HIIT,1.39,1,Beginner,348
46,Male,88.1,1.74,29.0,34.7,167,136,79,1.24,Strength,2.35,1,Beginner,608
35,Female,86.8,1.75,28.3,32.4,179,119,66,1.45,Yoga,1.71,5,Advanced,467
32,Male,78.4,1.73,26.2,31.5,190,128,68,1.04,Yoga,0.94,4,Intermediate,304
40,Female,81.8,1.66,29.6,31.6,189,180,75,0.36,HIIT,0.88,3,Beginner,216
44,Female,48.4,1.66,17.5,17.9,187,163,64,0.48,Cardio,1.02,4,Advanced,180
18,Male,78.6,1.82,23.7,18.5,199,164,75,1.29,Strength,1.67,3,Intermediate,745
56,Female,64.7,1.65,23.6,18.3,169,145,61,0.71,Cardio,1.38,3,Intermediate,311
57,Female,79.3,1.65,29.2,26.3,174,159,73,0.47,Cardio,0.39,7,Advanced,313
43,Female,92.2,1.73,30.8,32.3,170,161,75,0.61,HIIT,1.43,1,Beginner,465
42,Female,55.5,1.7,19.3,35.6,166,162,73,0.68,HIIT,1.27,1,Beginner,311
47,Female,74.0,1.57,30.2,41.5,178,119,61,1.05,Yoga,1.18,5,Intermediate,283
36,Female,57.3,1.68,20.3,13.8,176,147,69,0.89,Cardio,1.87,1,Beginner,363
33,Male,63.7,1.76,20.5,14.7,184,149,78,1.11,Strength,1.28,5,Intermediate,447
33,Female,65.0,1.65,23.9,37.9,186,150,73,0.7,Strength,1.21,2,Beginner,257
24,Female,68.0,1.7,23.6,20.0,193,164,76,1.01,Cardio,1.85,2,Beginner,436
54,Female,50.9,1.64,18.9,8.0,177,153,69,0.75,Cardio,1.37,3,Beginner,258
31,Female,73.5,1.64,27.3,31.0,192,155,71,0.67,Strength,0.7,5,Intermediate,298
30,Male,85.8,1.77,27.4,11.3,188,159,66,0.78,Cardio,1.7,1,Beginner,474
59,Female,65.6,1.51,28.8,44.0,164,141,75,0.67,HIIT,1.32,3,Beginner,356
39,Female,61.2,1.63,23.2,21.7,182,152,70,0.66,Strength,0.96,6,Advanced,299
44,Male,64.8,1.62,24.6,19.8,173,162,76,0.53,HIIT,1.08,2,Beginner,289
28,Male,76.2,1.76,24.7,26.3,187,171,65,0.41,HIIT,0.89,3,Intermediate,284
29,Female,91.9,1.72,31.2,32.5,205,168,72,0.92,Cardio,1.24,1,Beginner,565
49,Male,53.1,1.74,17.5,8.0,175,164,78,0.78,HIIT,1.58,2,Beginner,313
37,Female,56.1,1.63,21.2,34.1,185,171,73,0.52,HIIT,0.99,2,Beginner,247
24,Male,73.6,1.72,24.8,17.2,186,142,69,1.05,Strength,1.7,3,Intermediate,488
53,Male,70.9,1.85,20.7,18.7,179,153,86,0.59,Cardio,1.24,3,Beginner,265
35,Female,68.0,1.69,23.8,18.9,189,179,62,0.75,HIIT,1.91,4,Advanced,577
46,Female,60.7,1.58,24.3,34.9,181,166,74,1.12,Cardio,1.75,7,Advanced,615
32,Female,59.2,1.63,22.3,30.6,187,162,67,1.23,Cardio,1.74,3,Beginner,487
42,Female,70.9,1.68,25.0,17.8,186,166,78,0.42,Cardio,0.53,1,Beginner,189
51,Female,62.3,1.51,27.2,16.9,182,169,79,0.53,HIIT,1.7,3,Beginner,241
56,Female,63.2,1.63,23.9,35.7,171,162,68,0.45,HIIT,1.21,3,Intermediate,229
26,Female,59.4,1.6,23.1,26.5,189,179,67,0.5,HIIT,0.95,1,Beginner,206
46,Female,63.6,1.62,24.2,19.7,182,166,56,0.42,HIIT,1.42,7,Advanced,274
57,Female,63.4,1.6,24.8,27.8,162,128,67,0.63,Strength,1.4,4,Intermediate,195
45,Male,49.9,1.66,18.2,9.6,172,142,71,0.89,Strength,1.01,6,Advanced,256
24,Male,84.8,1.79,26.6,19.4,190,166,64,0.81,Cardio,1.2,4,Intermediate,577
26,Female,59.9,1.61,23.1,16.9,177,151,68,0.54,Cardio,1.01,6,Advanced,280
26,Female,80.3,1.65,29.6,46.8,195,176,66,0.6,HIIT,0.99,3,Beginner,407
22,Female,82.8,1.75,27.0,38.3,185,144,69,0.61,Strength,1.01,5,Intermediate,216
50,Male,81.6,1.67,29.2,28.6,170,128,68,0.58,Strength,1.18,1,Beginner,205
59,Female,63.4,1.74,21.0,23.7,166,156,67,0.41,HIIT,0.64,5,Advanced,202
40,Male,71.1,1.74,23.4,21.5,180,170,68,0.64,HIIT,1.4,5,Intermediate,444
43,Female,60.6,1.74,20.1,17.1,176,135,61,0.81,Strength,1.55,7,Advanced,347
51,Female,62.1,1.68,22.1,29.1,172,139,70,0.85,Strength,1.4,2,Beginner,176
35,Female,80.3,1.65,29.6,24.2,183,156,62,1.04,Cardio,1.68,7,Advanced,643
38,Female,80.5,1.63,30.5,33.9,178,152,63,0.88,Cardio,1.31,4,Intermediate,509
43,Male,58.9,1.7,20.4,23.7,173,134,77,1.01,Strength,1.69,3,Intermediate,308
31,Male,64.7,1.68,23.1,19.2,194,162,66,0.9,Cardio,1.22,4,Advanced,482
20,Female,69.5,1.68,24.5,40.5,179,140,58,0.82,Strength,1.33,5,Intermediate,381
42,Female,71.7,1.63,27.0,31.7,177,128,67,0.5,Yoga,0.76,3,Intermediate,129
53,Male,57.0,1.77,18.1,8.8,168,145,76,1.08,Cardio,2.03,4,Intermediate,460
21,Male,48.1,1.6,18.7,15.4,196,168,70,0.67,Cardio,1.06,3,Beginner,247
27,Male,76.6,1.7,26.7,25.0,179,160,83,0.99,Cardio,1.5,3,Beginner,538
29,Male,58.9,1.83,17.5,16.3,184,155,69,0.39,Cardio,0.54,3,Beginner,185
52,Male,71.2,1.76,23.1,18.6,171,168,77,0.62,HIIT,1.41,3,Beginner,437
39,Male,69.3,1.65,25.4,20.7,188,155,74,0.91,Strength,1.27,7,Advanced,428
40,Female,72.1,1.65,26.4,32.1,182,178,74,0.52,HIIT,0.93,5,Intermediate,360
45,Male,74.1,1.75,24.3,14.1,168,161,66,0.72,HIIT,1.26,2,Beginner,442
29,Male,73.9,1.78,23.4,32.9,184,155,65,0.76,Strength,1.34,5,Intermediate,372
48,Male,88.5,1.78,28.0,22.8,181,168,78,0.61,HIIT,1.01,4,Intermediate,551
19,Male,77.0,1.72,25.9,25.8,186,168,66,0.73,Cardio,1.04,4,Intermediate,474
22,Female,55.4,1.57,22.3,20.1,192,167,74,0.61,Cardio,1.36,7,Advanced,347
53,Male,89.9,1.9,24.9,19.3,171,153,65,1.44,Cardio,2.17,4,Advanced,1090
46,Female,78.2,1.73,26.3,35.7,173,162,72,0.49,HIIT,1.34,3,Intermediate,359
25,Female,74.7,1.54,31.3,16.1,205,162,66,0.88,Strength,1.25,1,Beginner,328
36,Male,89.1,1.79,27.8,23.0,180,160,67,0.85,Cardio,1.45,4,Intermediate,578
20,Female,73.5,1.58,29.4,43.4,197,147,66,1.07,Strength,1.59,3,Intermediate,425
46,Female,61.0,1.65,22.5,27.2,171,146,72,0.69,Cardio,1.59,3,Intermediate,301
50,Male,65.2,1.69,22.8,12.3,177,156,71,0.56,HIIT,1.53,3,Intermediate,294
29,Male,74.9,1.77,23.9,17.0,194,152,74,0.9,Strength,1.65,5,Intermediate,416
33,Female,70.1,1.7,24.3,17.6,181,139,71,0.63,Strength,0.9,2,Beginner,171
28,Female,48.7,1.52,21.0,35.9,188,158,69,0.68,Cardio,0.98,1,Beginner,266
34,Female,85.7,1.7,29.6,34.3,178,182,72,0.39,HIIT,1.14,3,Intermediate,310
29,Female,73.1,1.61,28.2,33.0,179,150,68,1.1,Strength,1.93,3,Beginner,443
28,Male,61.3,1.61,23.6,26.0,195,161,81,1.12,Cardio,2.09,2,Beginner,448
36,Female,65.5,1.55,27.2,32.2,179,156,70,0.57,Cardio,1.09,5,Intermediate,295
54,Male,92.4,1.9,25.6,13.8,154,114,69,0.98,Yoga,1.33,5,Intermediate,277
50,Male,94.0,1.85,27.5,15.5,186,128,77,1.17,Yoga,1.49,2,Beginner,352
30,Female,56.9,1.7,19.7,43.8,181,171,70,0.65,HIIT,1.38,4,Intermediate,312
58,Female,57.1,1.53,24.2,32.2,166,142,61,0.82,Cardio,1.46,4,Intermediate,309
27,Female,65.5,1.63,24.6,24.6,200,125,68,0.87,Yoga,1.08,3,Beginner,153
57,Male,90.8,1.83,27.2,24.1,168,153,74,0.62,HIIT,1.1,5,Advanced,592
31,Male,66.8,1.73,22.4,21.4,185,174,68,0.25,HIIT,0.56,5,Advanced,202
41,Female,49.2,1.68,17.5,33.6,171,134,61,0.67,Strength,0.93,3,Intermediate,147
26,Female,60.3,1.71,20.7,18.4,178,149,73,0.46,Cardio,0.54,4,Intermediate,207
50,Female,62.7,1.6,24.6,26.5,172,144,71,1.23,Cardio,1.97,3,Beginner,438
31,Female,71.2,1.69,25.0,34.1,189,123,63,0.95,Yoga,1.12,6,Advanced,256
55,Male,94.6,1.74,31.2,23.3,172,140,64,1.24,Strength,1.94,4,Intermediate,735
21,Male,92.1,1.85,27.0,8.0,189,161,74,0.71,Cardio,1.59,4,Advanced,493
39,Male,84.5,1.83,25.1,25.4,181,160,59,0.59,Cardio,1.44,3,Intermediate,408
24,Male,78.5,1.78,24.7,14.9,178,138,69,1.01,Strength,1.84,2,Beginner,393
56,Male,101.4,1.87,29.0,27.8,173,150,75,0.8,Cardio,1.2,1,Beginner,507
35,Female,54.7,1.56,22.6,23.2,185,129,80,0.79,Yoga,0.64,4,Intermediate,203
47,Male,84.3,1.86,24.3,20.9,189,181,74,0.36,HIIT,1.14,3,Intermediate,293
55,Male,66.0,1.79,20.7,23.5,170,156,69,0.57,HIIT,1.57,1,Beginner,317
41,Female,79.2,1.62,30.2,48.0,173,151,80,1.01,Strength,1.88,4,Intermediate,475
20,Male,73.0,1.67,26.3,32.1,193,171,60,0.47,HIIT,1.19,4,Advanced,386
27,Male,64.0,1.7,22.1,12.5,187,156,72,1.04,Strength,1.02,5,Intermediate,446
27,Female,61.8,1.59,24.4,21.4,192,180,74,0.64,HIIT,1.43,4,Intermediate,371
57,Male,84.5,1.78,26.7,27.1,169,148,69,0.84,Cardio,1.57,3,Beginner,508
57,Female,63.8,1.64,23.8,23.4,160,137,72,0.66,Strength,1.4,7,Advanced,289
38,Female,65.1,1.69,22.8,30.2,170,151,71,0.75,Cardio,1.67,2,Beginner,269
56,Male,73.4,1.81,22.3,16.4,171,134,72,0.95,Strength,1.64,6,Advanced,413
28,Female,61.8,1.54,26.1,30.8,198,168,60,1.51,Cardio,2.15,4,Intermediate,695
47,Female,63.7,1.65,23.4,44.9,176,161,73,0.71,Cardio,1.01,4,Intermediate,351
34,Female,56.5,1.56,23.1,37.7,190,157,72,0.77,Cardio,1.48,3,Beginner,305
28,Female,56.4,1.69,19.7,32.9,195,167,81,0.76,Strength,1.01,3,Beginner,257
28,Female,62.1,1.57,25.1,34.9,190,163,71,0.75,Cardio,1.69,4,Intermediate,295
36,Female,60.9,1.59,24.1,41.0,177,124,78,0.91,Yoga,0.66,5,Intermediate,215
32,Female,60.0,1.59,23.6,18.1,187,144,74,1.05,Strength,1.68,4,Intermediate,388
27,Male,79.7,1.77,25.6,29.5,197,152,67,1.53,Strength,2.14,5,Advanced,872
32,Female,75.2,1.65,27.6,24.9,189,140,73,1.22,Strength,1.67,7,Advanced,620
23,Female,75.6,1.66,27.5,27.7,197,165,73,1.08,Cardio,1.52,7,Advanced,643
59,Female,71.4,1.63,26.9,35.1,164,118,77,1.37,Yoga,0.95,2,Beginner,298
34,Male,68.3,1.69,23.9,8.0,183,135,57,0.6,Strength,0.89,4,Intermediate,210
22,Male,63.7,1.68,22.6,18.2,191,182,62,0.56,HIIT,1.07,6,Advanced,455
42,Male,60.0,1.7,20.8,13.2,178,153,79,0.54,Cardio,1.33,3,Intermediate,247
55,Male,70.3,1.77,22.5,24.7,178,137,67,0.99,Strength,1.26,2,Beginner,409
33,Male,76.0,1.75,24.9,27.3,168,134,73,1.14,Strength,1.74,7,Advanced,575
54,Male,68.0,1.77,21.8,22.0,171,123,75,1.19,Yoga,1.0,5,Intermediate,301
44,Male,80.2,1.79,25.2,24.0,177,140,66,0.94,Strength,1.53,3,Intermediate,431
49,Female,61.6,1.71,21.1,28.9,164,124,56,0.94,Strength,0.84,6,Advanced,316
30,Male,63.5,1.85,18.5,19.1,192,162,67,1.06,Cardio,2.25,3,Intermediate,519
19,Female,73.1,1.62,27.9,23.0,189,163,83,1.39,Cardio,2.11,5,Intermediate,788
32,Male,68.0,1.72,23.0,27.1,183,137,66,0.71,Strength,0.45,3,Intermediate,312
57,Male,68.8,1.78,21.6,31.1,182,141,66,0.96,Strength,1.25,4,Intermediate,357
51,Male,54.3,1.62,20.6,8.0,180,156,68,0.88,Cardio,1.26,1,Beginner,311
51,Female,66.5,1.59,26.4,33.9,177,169,75,0.44,HIIT,0.86,4,Advanced,280
55,Male,99.3,1.82,30.0,21.5,173,116,66,1.02,Yoga,1.09,5,Advanced,384
34,Female,53.7,1.52,23.3,41.8,183,159,71,1.2,Cardio,1.74,1,Beginner,412
31,Female,69.8,1.71,24.0,23.4,200,155,83,1.05,Strength,1.32,3,Beginner,434
57,Male,99.4,1.86,28.9,23.5,174,145,71,0.95,Cardio,1.29,5,Advanced,764
42,Female,50.8,1.68,17.9,27.6,174,162,69,0.75,HIIT,1.7,3,Beginner,330
30,Male,101.2,1.77,32.3,21.4,177,157,63,0.81,Cardio,1.7,5,Intermediate,632
29,Male,113.9,1.83,34.1,23.4,191,181,78,0.59,HIIT,1.2,3,Intermediate,706
55,Male,51.6,1.72,17.5,8.6,170,158,71,0.54,HIIT,1.17,5,Intermediate,240
20,Male,80.1,1.81,24.4,18.8,183,179,65,0.56,HIIT,0.93,1,Beginner,417
20,Female,54.5,1.57,22.1,22.2,197,162,60,1.13,Cardio,1.83,5,Intermediate,473
49,Female,65.5,1.66,23.8,34.8,172,127,64,0.72,Yoga,1.0,3,Intermediate,189
18,Female,65.4,1.68,23.2,34.2,199,164,63,0.89,Cardio,1.44,3,Intermediate,458
25,Male,87.8,1.77,27.9,19.3,193,157,62,1.12,Cardio,1.9,1,Beginner,699
60,Female,66.5,1.65,24.4,17.2,162,128,64,0.81,Strength,1.33,5,Intermediate,253
36,Male,64.4,1.74,21.3,17.8,187,145,65,1.28,Strength,1.53,5,Intermediate,483
49,Male,66.6,1.66,24.1,27.1,171,157,72,0.28,HIIT,1.07,2,Beginner,148
38,Male,75.0,1.67,26.8,21.9,178,182,85,0.65,HIIT,1.3,3,Beginner,503
21,Female,55.8,1.66,20.3,28.7,189,163,73,0.54,Cardio,1.46,2,Beginner,180
25,Female,47.9,1.61,18.5,31.1,198,136,73,1.12,Yoga,1.37,3,Beginner,134
50,Male,102.3,1.78,32.4,28.0,171,147,77,1.08,Cardio,2.23,1,Beginner,764
22,Female,54.9,1.57,22.4,24.1,202,153,66,0.95,Strength,1.71,7,Advanced,375
43,Female,60.4,1.58,24.3,21.3,191,168,73,0.86,Cardio,1.52,5,Intermediate,403
32,Female,64.8,1.67,23.3,24.3,180,114,69,1.05,Yoga,1.03,4,Advanced,203
33,Female,76.2,1.68,26.9,27.7,164,136,69,0.41,Cardio,0.7,7,Advanced,227
58,Female,77.8,1.57,31.5,30.6,175,154,91,0.84,Cardio,1.57,3,Beginner,415
44,Female,75.3,1.67,27.0,26.1,175,148,76,0.7,Strength,1.18,3,Intermediate,308
44,Female,48.6,1.6,19.0,22.2,171,112,61,1.14,Yoga,1.13,4,Advanced,173
33,Male,63.7,1.81,19.5,16.9,181,127,73,0.93,Yoga,1.31,5,Intermediate,234
34,Female,68.5,1.72,23.3,41.0,181,170,66,0.53,HIIT,1.18,5,Intermediate,322
47,Male,70.5,1.72,23.8,13.4,184,133,73,1.05,Yoga,1.42,4,Intermediate,349
19,Female,51.4,1.68,18.3,25.8,195,120,66,1.26,Yoga,1.14,1,Beginner,203
28,Male,80.7,1.7,27.9,20.4,197,156,64,1.03,Strength,1.76,3,Intermediate,536
43,Male,59.9,1.7,20.7,9.2,182,154,70,0.88,Cardio,1.61,7,Advanced,421
44,Male,92.4,1.74,30.5,18.1,175,170,74,0.36,HIIT,1.2,6,Advanced,374
21,Male,100.4,1.78,31.7,31.2,190,175,77,0.77,HIIT,1.78,3,Beginner,706
51,Male,70.5,1.72,23.9,20.4,177,143,76,1.1,Strength,1.57,5,Intermediate,466
41,Male,71.2,1.64,26.5,19.9,185,159,77,1.0,Cardio,1.61,1,Beginner,454
28,Male,57.4,1.69,20.1,14.7,195,177,69,0.37,HIIT,1.37,5,Advanced,217
50,Male,92.0,1.84,27.2,19.8,172,141,71,0.7,Cardio,1.18,2,Beginner,399
60,Female,64.4,1.68,22.9,23.7,168,115,73,1.31,Yoga,1.6,6,Advanced,303
36,Female,56.3,1.65,20.7,16.0,187,160,74,0.65,Cardio,1.1,5,Advanced,359
30,Female,60.2,1.59,23.7,26.4,184,154,74,0.7,Cardio,0.79,3,Beginner,272
30,Male,66.9,1.7,23.0,24.5,179,167,74,0.54,HIIT,0.87,1,Beginner,264
43,Male,82.2,1.87,23.6,18.9,172,140,77,0.72,Cardio,1.38,4,Advanced,391
20,Female,71.3,1.58,28.4,32.2,192,162,74,1.02,Cardio,1.85,2,Beginner,482
38,Male,64.5,1.72,21.8,15.4,186,152,71,1.02,Strength,1.6,4,Intermediate,416
19,Male,104.8,1.83,31.4,32.3,203,138,71,1.3,Yoga,1.7,6,Advanced,684
19,Female,48.4,1.56,19.8,19.4,185,157,70,0.44,Cardio,1.02,5,Intermediate,162
36,Female,77.8,1.59,30.9,35.9,179,153,66,0.74,Cardio,1.12,4,Intermediate,343
50,Male,64.2,1.75,20.9,13.3,171,157,73,0.25,HIIT,0.88,4,Intermediate,112
55,Female,61.4,1.57,24.8,32.2,176,131,74,1.04,Yoga,1.24,3,Beginner,186
21,Male,71.7,1.77,22.9,23.0,189,162,79,0.9,Strength,1.21,5,Advanced,496
28,Female,56.9,1.56,23.5,18.5,185,161,79,1.14,Cardio,1.94,3,Beginner,388
36,Male,87.6,1.77,27.8,17.2,173,161,71,0.92,Cardio,1.56,2,Beginner,579
42,Male,76.5,1.58,30.5,11.2,182,154,79,1.07,Cardio,1.59,2,Beginner,515
60,Female,80.2,1.65,29.3,37.2,166,136,70,0.71,Cardio,1.23,7,Advanced,402
47,Male,71.5,1.75,23.3,18.3,171,158,82,0.74,HIIT,1.83,3,Beginner,443
41,Female,60.3,1.54,25.5,33.2,178,149,65,0.56,Cardio,1.42,7,Advanced,308
20,Male,68.2,1.77,21.8,8.4,201,169,72,0.56,Strength,1.03,3,Intermediate,271
21,Female,54.2,1.61,21.0,32.4,186,173,67,0.61,HIIT,1.29,4,Advanced,303
24,Female,52.7,1.61,20.4,19.2,185,141,68,0.94,Strength,1.04,7,Advanced,358
46,Male,74.4,1.79,23.1,15.7,185,151,62,0.73,Cardio,1.72,6,Advanced,448
32,Female,75.8,1.72,25.7,8.0,186,180,71,0.62,HIIT,1.56,7,Advanced,534
28,Male,49.7,1.68,17.5,18.2,193,186,77,0.51,HIIT,1.32,3,Beginner,222
46,Male,93.6,1.95,24.6,34.7,179,166,76,0.47,HIIT,0.5,4,Advanced,459
53,Male,88.3,1.7,30.6,26.3,171,138,71,1.13,Cardio,1.82,3,Intermediate,647
36,Female,80.9,1.67,29.1,19.3,180,148,68,0.88,Cardio,1.46,4,Intermediate,486
55,Female,56.5,1.58,22.6,22.7,176,131,73,1.09,Yoga,1.41,6,Advanced,280
49,Female,55.1,1.68,19.5,27.8,182,145,63,1.21,Strength,1.59,6,Advanced,412
48,Female,69.7,1.62,26.5,23.6,182,157,77,0.94,Cardio,1.51,5,Intermediate,454
55,Female,41.8,1.55,17.5,25.6,162,142,77,0.75,Strength,1.35,4,Intermediate,177
25,Male,96.5,1.82,29.0,25.2,199,188,78,0.41,HIIT,0.79,5,Intermediate,417
50,Female,64.8,1.64,24.0,28.3,171,120,73,0.85,Yoga,0.9,4,Intermediate,139
59,Female,83.0,1.62,31.8,39.7,162,139,68,0.83,Cardio,1.46,4,Intermediate,440
60,Male,48.2,1.63,18.2,25.8,166,114,71,0.72,Yoga,1.27,3,Intermediate,105
42,Female,71.2,1.59,28.3,33.1,185,157,77,1.23,Cardio,2.14,2,Beginner,549
50,Male,67.8,1.67,24.4,11.1,177,134,71,1.13,Strength,1.89,3,Beginner,409
56,Male,81.2,1.86,23.5,25.5,168,151,79,0.7,HIIT,1.43,4,Intermediate,511
54,Male,65.0,1.82,19.6,12.2,177,143,74,1.62,Cardio,2.82,4,Intermediate,740
56,Male,86.8,1.79,27.1,29.8,170,150,62,0.87,Cardio,1.04,4,Advanced,577
53,Male,78.2,1.69,27.4,19.2,167,131,82,1.22,Strength,2.23,3,Intermediate,502
34,Female,78.5,1.58,31.6,32.7,179,135,75,1.21,Yoga,1.88,3,Beginner,339
49,Female,64.2,1.5,28.6,32.0,177,136,68,0.87,Strength,1.43,3,Beginner,266
35,Female,62.4,1.66,22.5,20.2,183,133,69,1.35,Yoga,1.66,2,Beginner,258
52,Male,63.0,1.73,21.0,22.4,162,152,77,0.51,HIIT,1.12,5,Advanced,289
52,Male,50.6,1.61,19.6,16.1,178,139,85,0.66,Strength,1.04,2,Beginner,170
58,Male,101.6,1.83,30.4,29.5,165,162,77,0.5,HIIT,0.96,3,Intermediate,464
43,Female,60.6,1.67,21.8,14.1,189,169,76,0.79,Cardio,1.36,6,Advanced,427
38,Male,89.6,1.72,30.4,27.5,172,144,75,1.09,Cardio,1.9,5,Advanced,779
25,Female,70.9,1.63,26.8,38.6,189,176,78,0.92,HIIT,1.87,3,Beginner,546
45,Female,78.0,1.73,26.1,34.6,172,158,76,0.55,HIIT,1.69,1,Beginner,331
42,Female,71.0,1.73,23.6,25.3,172,149,78,0.47,Cardio,0.99,2,Beginner,186
40,Female,77.9,1.69,27.3,24.9,177,144,79,0.76,Strength,0.83,3,Beginner,299
47,Male,78.3,1.78,24.7,18.7,188,146,70,1.06,Strength,1.95,2,Beginner,400
54,Female,57.6,1.57,23.4,29.7,172,112,75,0.98,Yoga,0.84,5,Intermediate,154
24,Female,76.8,1.67,27.4,32.3,185,145,77,0.93,Strength,1.25,7,Advanced,433
36,Female,63.7,1.62,24.3,27.5,170,139,70,0.98,Strength,1.52,3,Intermediate,321
49,Female,60.2,1.66,21.8,19.0,162,129,69,1.04,Strength,1.62,5,Intermediate,325
53,Female,68.6,1.59,27.1,34.3,168,135,77,1.03,Strength,1.15,1,Beginner,319
51,Female,64.4,1.62,24.6,32.3,168,153,64,0.7,HIIT,1.24,4,Advanced,409
52,Male,76.8,1.7,26.7,12.9,170,111,63,1.0,Yoga,0.8,4,Intermediate,249
54,Female,62.4,1.64,23.1,28.5,155,135,75,0.96,Strength,1.58,6,Advanced,370
59,Female,55.7,1.66,20.2,36.9,167,137,65,0.9,Cardio,1.81,5,Advanced,394
44,Male,92.7,1.72,31.4,31.3,185,162,75,1.35,Cardio,1.79,2,Beginner,894
28,Female,73.6,1.55,30.7,43.5,199,187,71,0.25,HIIT,0.98,3,Beginner,137
42,Male,88.7,1.77,28.2,11.1,165,158,82,0.58,HIIT,1.47,3,Beginner,401
48,Female,73.9,1.78,23.3,35.7,169,143,76,1.04,Cardio,1.52,4,Intermediate,492
22,Male,70.3,1.72,23.7,32.6,186,156,66,0.99,Cardio,1.14,7,Advanced,591
50,Male,87.7,1.71,30.1,19.4,174,137,64,0.91,Strength,1.1,5,Intermediate,427
41,Female,58.8,1.58,23.5,39.7,171,144,69,1.4,Cardio,2.0,4,Intermediate,492
58,Male,74.0,1.82,22.4,13.5,180,171,74,0.59,HIIT,1.64,3,Intermediate,454
27,Male,101.3,1.78,31.9,26.6,189,164,76,0.88,Cardio,1.46,1,Beginner,673
56,Male,74.3,1.74,24.6,24.9,169,157,75,0.96,Cardio,1.34,2,Beginner,532
37,Male,95.5,1.74,31.5,22.4,193,132,72,0.83,Yoga,1.07,4,Intermediate,328
42,Female,52.5,1.64,19.5,30.9,179,144,75,1.2,Cardio,1.58,4,Intermediate,378
46,Female,75.7,1.68,26.8,23.6,179,159,71,0.67,Cardio,1.35,4,Intermediate,349
42,Male,95.4,1.71,32.7,31.1,174,149,77,1.02,Cardio,1.42,1,Beginner,588
56,Female,58.8,1.54,24.9,30.8,160,147,65,0.86,Cardio,1.25,4,Intermediate,293
25,Male,83.6,1.87,23.8,24.3,186,170,90,1.07,Cardio,1.82,3,Beginner,677
49,Female,58.7,1.7,20.4,41.8,189,157,66,0.77,Cardio,1.78,7,Advanced,383
59,Male,73.6,1.6,28.9,24.2,172,152,76,0.73,Cardio,1.85,3,Beginner,414
27,Male,59.1,1.64,21.9,29.0,191,161,78,1.0,Cardio,1.39,3,Beginner,416
28,Male,74.1,1.74,24.4,17.3,181,143,68,0.85,Strength,1.15,4,Intermediate,346
38,Female,50.2,1.58,20.1,22.5,188,180,71,0.49,HIIT,1.22,3,Intermediate,218
49,Male,84.4,1.66,30.7,29.5,165,138,71,0.65,Strength,1.37,4,Intermediate,313
59,Male,103.8,1.89,29.2,18.8,156,139,65,1.0,Cardio,1.11,4,Intermediate,705
52,Female,68.0,1.66,24.7,26.0,168,135,70,1.16,Strength,1.68,6,Advanced,476
52,Female,60.4,1.72,20.4,32.7,186,133,61,1.06,Yoga,1.09,4,Intermediate,211
36,Male,88.7,1.7,30.6,21.4,196,135,81,0.66,Yoga,0.41,4,Intermediate,239
45,Female,59.7,1.6,23.4,22.6,174,142,76,0.99,Cardio,1.29,3,Intermediate,382
27,Female,55.4,1.64,20.6,19.3,184,152,78,0.42,Cardio,0.75,2,Beginner,161
37,Male,54.2,1.73,18.1,14.8,171,152,60,0.91,Cardio,1.55,5,Intermediate,390
26,Female,62.8,1.68,22.3,22.7,190,161,70,0.98,Cardio,1.87,3,Beginner,432
19,Male,51.6,1.64,19.3,15.8,195,157,79,1.2,Strength,1.78,4,Intermediate,396
54,Female,55.3,1.57,22.4,33.3,176,145,92,0.85,Strength,1.54,3,Beginner,213
52,Male,85.9,1.76,27.6,24.7,178,151,75,0.99,Cardio,1.64,4,Advanced,724
39,Female,62.9,1.64,23.4,14.2,179,141,77,0.89,Strength,1.17,5,Intermediate,271
18,Male,73.3,1.67,26.2,38.4,199,158,71,0.9,Strength,1.32,7,Advanced,494
21,Male,62.6,1.69,22.1,10.3,188,158,66,0.74,Cardio,1.48,5,Intermediate,400
22,Female,68.8,1.66,25.0,16.4,196,187,80,0.52,HIIT,1.4,2,Beginner,296
48,Male,100.3,1.77,32.1,24.8,171,146,61,0.37,Cardio,0.79,6,Advanced,299
26,Female,61.5,1.62,23.5,18.3,193,123,64,1.06,Yoga,0.98,4,Intermediate,221
28,Female,66.1,1.59,26.3,42.1,191,152,60,1.0,Cardio,1.72,5,Advanced,504
55,Female,51.2,1.65,18.9,39.1,171,114,77,0.97,Yoga,1.26,4,Intermediate,184
55,Male,84.4,1.66,30.6,28.0,176,136,70,1.02,Yoga,1.49,4,Intermediate,389
50,Female,68.9,1.73,23.0,29.4,162,121,68,0.96,Yoga,0.96,5,Advanced,251
31,Male,84.9,1.72,28.8,32.3,179,175,71,0.66,HIIT,1.19,4,Intermediate,601
42,Male,70.5,1.7,24.3,28.1,177,163,68,0.62,HIIT,1.48,3,Beginner,381
26,Female,74.1,1.65,27.1,44.0,179,168,67,0.71,HIIT,1.34,3,Intermediate,491
54,Female,72.2,1.62,27.3,28.3,168,154,67,0.58,HIIT,1.13,5,Intermediate,323
21,Female,55.8,1.55,23.1,25.7,190,152,59,1.24,Cardio,2.27,5,Advanced,574
50,Male,84.9,1.71,28.9,25.6,183,141,68,1.11,Strength,1.26,5,Intermediate,585
39,Female,58.7,1.64,21.9,34.7,182,148,64,0.9,Strength,1.87,4,Intermediate,230
50,Female,75.0,1.64,27.8,9.1,181,128,71,1.11,Yoga,1.1,5,Advanced,377
37,Male,62.0,1.63,23.3,9.8,184,142,75,0.99,Strength,1.68,3,Intermediate,363
24,Female,74.2,1.69,26.1,30.1,187,143,63,0.91,Strength,1.35,4,Intermediate,372
50,Male,69.8,1.74,23.0,9.5,174,168,69,0.63,HIIT,1.38,5,Intermediate,419
45,Male,81.2,1.8,25.0,22.3,182,156,86,1.1,Cardio,1.7,3,Beginner,627
37,Female,61.1,1.72,20.7,34.0,190,161,65,0.76,Cardio,1.55,4,Intermediate,312
34,Female,72.3,1.68,25.7,20.2,183,149,77,0.77,Strength,1.13,3,Beginner,269
32,Male,71.3,1.69,25.0,28.3,174,142,75,1.44,Strength,1.82,3,Beginner,547
38,Male,76.7,1.84,22.7,23.0,169,149,77,0.69,Cardio,1.7,5,Intermediate,384
29,Male,77.2,1.77,24.6,28.0,185,144,73,0.82,Strength,1.27,5,Intermediate,378
30,Female,67.4,1.63,25.3,30.8,170,132,65,0.78,Strength,1.06,4,Advanced,317
29,Male,76.5,1.85,22.5,14.5,200,164,75,0.71,Cardio,0.89,3,Beginner,399
18,Male,81.5,1.83,24.3,29.8,199,149,75,0.54,Strength,1.42,2,Beginner,247
57,Female,56.5,1.64,21.0,25.6,164,154,67,0.39,HIIT,0.81,4,Advanced,211
28,Male,91.8,1.65,33.7,33.8,180,157,66,0.89,Cardio,2.02,3,Beginner,575
25,Female,67.4,1.53,28.8,26.5,197,130,82,0.98,Yoga,1.25,2,Beginner,170
24,Male,72.9,1.68,25.8,16.6,183,131,81,1.24,Yoga,1.4,1,Beginner,358
60,Female,84.9,1.7,29.3,27.9,160,131,65,0.97,Strength,1.48,5,Intermediate,458
38,Male,54.3,1.76,17.5,20.4,176,140,66,0.85,Cardio,2.0,4,Advanced,389
32,Male,47.8,1.65,17.5,20.2,186,145,69,0.96,Strength,0.88,3,Intermediate,302
35,Male,70.2,1.74,23.3,21.2,188,132,64,0.73,Yoga,1.0,4,Intermediate,196
21,Female,59.6,1.75,19.6,21.6,201,188,63,0.44,HIIT,0.96,1,Beginner,152
31,Female,54.5,1.51,23.9,31.5,193,172,70,0.35,HIIT,0.84,2,Beginner,108
28,Male,68.3,1.63,25.6,23.8,188,151,69,0.71,Strength,1.19,5,Intermediate,339
52,Male,90.4,1.79,28.3,27.7,179,164,66,0.64,HIIT,1.26,3,Beginner,500
20,Female,58.2,1.69,20.5,9.9,189,165,75,0.92,Cardio,1.59,2,Beginner,335
36,Male,93.4,1.88,26.3,27.7,170,158,81,0.9,HIIT,1.72,1,Beginner,614
51,Male,81.4,1.81,24.9,11.6,168,147,79,1.11,Cardio,1.45,2,Beginner,577
53,Female,71.7,1.66,26.1,36.2,166,153,70,0.45,HIIT,1.13,3,Intermediate,221
40,Male,74.6,1.81,22.8,11.2,176,115,60,1.13,Yoga,1.45,3,Intermediate,277
27,Male,82.0,1.65,30.1,27.7,182,154,79,0.68,Cardio,1.09,1,Beginner,382
32,Male,69.1,1.68,24.4,30.8,182,144,72,1.15,Strength,2.11,3,Intermediate,451
27,Male,99.2,1.77,31.5,24.5,193,158,70,0.92,Cardio,1.88,4,Advanced,747
46,Female,50.2,1.52,21.8,30.9,188,180,82,0.61,HIIT,1.5,5,Intermediate,298
30,Female,77.2,1.67,27.6,18.7,175,149,63,0.81,Cardio,1.6,5,Advanced,488
45,Female,74.0,1.73,24.6,34.5,168,100,54,0.81,Yoga,1.02,3,Intermediate,156
46,Male,72.7,1.76,23.6,17.0,171,149,61,0.63,Cardio,1.45,4,Advanced,406
58,Female,62.1,1.51,27.2,28.0,173,123,77,1.08,Yoga,1.63,3,Beginner,164
33,Male,74.9,1.78,23.7,8.0,183,173,71,0.51,HIIT,1.34,3,Intermediate,338
59,Female,43.6,1.58,17.5,21.6,162,134,67,1.1,Strength,1.44,1,Beginner,161
35,Male,59.8,1.85,17.5,21.3,188,177,62,0.55,HIIT,1.18,4,Intermediate,296
47,Female,79.0,1.63,29.6,48.0,182,177,69,0.32,HIIT,0.99,5,Intermediate,256
46,Male,84.8,1.7,29.5,27.7,176,118,67,1.02,Yoga,1.39,3,Beginner,255
53,Male,96.0,1.73,32.0,33.0,166,149,74,0.78,Cardio,1.34,4,Intermediate,506
38,Male,67.8,1.66,24.7,22.5,183,146,72,0.92,Strength,1.24,3,Beginner,358
52,Male,62.9,1.78,19.9,20.2,170,149,71,0.77,Cardio,1.74,1,Beginner,322
33,Male,74.5,1.79,23.2,17.9,183,147,70,0.91,Strength,1.1,2,Beginner,402
39,Female,65.2,1.62,24.8,20.5,177,158,72,0.56,Cardio,0.84,4,Intermediate,280
39,Female,48.0,1.51,21.0,25.4,187,153,75,1.06,Strength,1.21,3,Beginner,241
48,Male,93.1,1.73,31.1,34.5,176,139,72,1.17,Strength,1.43,3,Intermediate,646
44,Female,88.5,1.63,33.3,25.6,185,144,75,0.73,Strength,1.48,2,Beginner,330
21,Female,71.6,1.64,26.6,25.9,202,157,70,0.86,Strength,1.64,5,Intermediate,372
52,Female,67.6,1.65,24.8,33.2,175,160,62,0.73,HIIT,1.45,7,Advanced,489
50,Female,53.8,1.64,19.9,25.1,170,154,66,0.79,HIIT,1.68,4,Intermediate,314
22,Female,79.9,1.61,30.7,44.5,199,144,68,0.54,Strength,0.96,3,Intermediate,217
59,Female,68.1,1.65,25.1,19.7,171,132,80,0.91,Strength,1.07,6,Advanced,363
46,Female,67.7,1.69,23.7,44.7,194,134,60,1.01,Yoga,1.73,7,Advanced,350
21,Female,70.3,1.62,26.6,20.1,195,161,68,0.77,Cardio,1.69,4,Intermediate,425
39,Male,69.1,1.75,22.6,21.8,186,167,68,0.57,Cardio,1.18,5,Advanced,377
53,Male,75.7,1.73,25.4,15.3,173,150,66,0.96,Cardio,1.38,6,Advanced,602
30,Male,71.2,1.92,19.3,20.1,186,175,74,0.43,HIIT,0.95,4,Advanced,328
58,Female,79.9,1.66,28.9,32.7,166,126,69,0.81,Strength,1.08,3,Intermediate,266
35,Male,76.5,1.77,24.4,30.7,186,174,73,0.56,HIIT,1.23,3,Beginner,368
27,Female,79.8,1.65,29.2,31.9,192,188,79,0.85,HIIT,1.72,2,Beginner,580
33,Female,64.0,1.63,24.0,22.7,193,174,82,0.76,Cardio,1.25,3,Intermediate,381
40,Female,63.1,1.61,24.3,31.8,182,130,79,1.08,Yoga,0.87,4,Intermediate,271
47,Male,58.5,1.7,20.2,30.0,172,156,70,0.26,HIIT,1.28,5,Intermediate,163
57,Female,70.8,1.6,27.7,39.6,166,139,71,1.26,Cardio,2.04,4,Intermediate,590
26,Female,50.3,1.53,21.5,25.0,180,139,71,0.38,Strength,0.89,5,Intermediate,108
59,Male,67.4,1.71,23.0,28.1,179,159,69,1.04,Cardio,1.59,5,Advanced,577
40,Female,67.0,1.64,24.8,17.5,176,159,69,1.48,Cardio,1.87,2,Beginner,637
23,Male,79.8,1.78,25.3,36.6,198,171,80,0.84,Cardio,1.42,3,Beginner,488
57,Female,46.8,1.6,18.3,14.6,171,116,69,1.25,Yoga,1.29,7,Advanced,247
33,Male,73.0,1.75,23.9,14.5,187,154,68,0.77,Strength,1.39,5,Advanced,398
44,Male,88.2,1.78,27.8,31.3,177,132,60,0.83,Strength,1.51,4,Advanced,447
48,Male,72.9,1.77,23.4,12.8,169,159,68,0.41,HIIT,1.18,5,Advanced,329
18,Male,73.7,1.75,23.9,19.3,188,146,56,0.79,Strength,1.49,5,Advanced,386
27,Male,73.9,1.71,25.4,21.4,201,129,71,0.93,Yoga,1.56,3,Beginner,268
47,Female,72.1,1.72,24.3,28.5,176,162,67,0.7,HIIT,1.52,4,Intermediate,398
31,Male,58.7,1.68,20.9,21.4,194,150,76,0.63,Strength,1.33,2,Beginner,205
18,Male,78.1,1.78,24.7,23.9,205,170,82,0.52,Strength,1.05,4,Intermediate,281
19,Female,71.0,1.58,28.6,32.6,191,138,71,1.45,Yoga,1.06,4,Advanced,459
53,Female,62.9,1.74,20.8,20.9,174,166,83,0.67,HIIT,1.34,2,Beginner,279
24,Female,60.5,1.61,23.4,29.4,191,129,75,0.48,Yoga,0.53,5,Intermediate,90
22,Female,50.9,1.61,19.5,12.8,184,156,81,0.88,Cardio,1.54,2,Beginner,286
42,Male,80.3,1.68,28.4,25.1,177,130,86,1.0,Yoga,0.97,3,Beginner,268
23,Female,68.1,1.67,24.4,21.1,196,180,70,0.35,HIIT,1.03,3,Beginner,194
46,Male,59.0,1.65,21.6,14.5,173,147,70,1.08,Cardio,1.99,1,Beginner,383
41,Female,68.1,1.64,25.2,29.6,177,143,72,0.69,Strength,1.42,5,Advanced,313
45,Female,52.2,1.61,20.2,32.5,176,163,71,0.44,HIIT,1.42,4,Intermediate,202
39,Female,53.0,1.59,20.9,19.3,196,164,69,0.88,Cardio,1.06,5,Advanced,385
51,Female,44.4,1.52,19.3,28.3,160,128,69,1.16,Strength,1.35,4,Intermediate,222
45,Female,54.0,1.61,20.7,24.8,180,168,71,0.39,HIIT,1.67,3,Beginner,173
35,Male,99.9,1.83,30.0,25.0,182,156,84,1.17,Cardio,2.12,3,Beginner,788
18,Female,61.1,1.67,22.0,29.5,190,150,61,1.0,Strength,1.53,5,Advanced,382
29,Female,70.7,1.63,26.6,30.4,186,140,79,1.02,Strength,1.5,3,Beginner,312
23,Female,53.3,1.57,21.6,22.0,196,174,71,1.21,Cardio,1.9,6,Advanced,558
18,Male,96.0,1.86,27.7,13.5,200,130,65,0.58,Yoga,0.34,1,Beginner,213
29,Male,67.9,1.8,20.9,22.0,189,180,66,0.66,HIIT,1.16,3,Intermediate,467
26,Female,68.4,1.66,24.9,28.3,197,169,64,1.29,Cardio,1.98,7,Advanced,740
21,Male,71.1,1.69,25.0,8.0,202,134,78,0.92,Yoga,0.92,1,Beginner,222
31,Male,108.1,1.79,33.6,24.3,192,125,72,0.87,Yoga,0.92,2,Beginner,322
39,Male,81.5,1.73,27.2,22.8,177,145,67,0.81,Cardio,2.03,5,Advanced,520
25,Female,47.4,1.45,22.5,21.6,194,180,66,0.7,HIIT,1.36,2,Beginner,281
29,Male,92.7,1.84,27.4,20.5,191,169,85,0.89,Cardio,1.57,5,Intermediate,659
18,Male,94.9,1.7,32.9,23.6,189,125,71,0.86,Yoga,1.11,5,Intermediate,325
20,Male,57.4,1.76,18.6,20.1,183,175,77,0.73,HIIT,1.61,2,Beginner,323
24,Female,56.4,1.62,21.6,27.7,177,154,68,0.68,HIIT,1.27,3,Intermediate,321
37,Female,63.5,1.63,23.9,24.7,183,153,67,0.89,Cardio,1.81,3,Intermediate,348
46,Male,70.2,1.74,23.2,13.2,178,134,82,0.98,Yoga,1.26,5,Intermediate,318
51,Male,70.4,1.73,23.5,12.0,164,138,56,0.57,Cardio,0.77,5,Advanced,240
45,Female,54.6,1.66,19.8,8.0,184,154,76,1.14,Cardio,1.79,3,Beginner,430
44,Male,84.7,1.68,30.1,27.6,178,148,67,1.36,Cardio,2.07,2,Beginner,719
58,Female,54.6,1.68,19.4,11.3,177,151,68,0.42,HIIT,0.94,4,Intermediate,149
28,Male,72.8,1.74,24.0,17.4,191,155,64,0.98,Cardio,1.75,5,Advanced,611
52,Female,95.4,1.82,28.8,29.2,165,120,68,0.95,Yoga,1.28,1,Beginner,276
58,Male,82.0,1.82,24.7,29.3,171,159,75,0.55,HIIT,1.32,1,Beginner,346
42,Female,56.8,1.64,21.1,37.7,183,150,55,0.92,Cardio,1.63,5,Intermediate,394
54,Male,59.1,1.73,19.7,24.2,167,131,66,0.71,Cardio,1.3,6,Advanced,288
23,Female,61.1,1.6,23.9,31.0,181,147,74,1.15,Cardio,1.3,1,Beginner,390
55,Female,63.3,1.7,21.9,13.6,171,140,63,0.64,Strength,1.26,4,Intermediate,212
42,Female,61.4,1.55,25.6,31.1,172,166,80,0.65,HIIT,1.47,3,Intermediate,322
27,Male,64.1,1.81,19.5,11.6,197,159,67,1.02,Cardio,1.42,4,Intermediate,459
20,Male,87.4,1.77,27.9,22.8,191,126,73,0.96,Yoga,1.2,1,Beginner,273
48,Female,74.0,1.71,25.2,30.7,187,159,71,0.76,Cardio,1.49,1,Beginner,341
36,Female,68.0,1.63,25.5,26.6,168,152,70,0.48,HIIT,1.38,5,Intermediate,299
31,Male,92.7,1.75,30.3,30.1,187,121,79,1.08,Yoga,1.36,5,Intermediate,340
34,Male,72.9,1.78,23.1,23.7,194,182,83,0.54,HIIT,1.25,7,Advanced,449
60,Male,62.7,1.69,22.0,12.5,160,155,75,0.63,HIIT,1.55,4,Intermediate,384
36,Female,63.3,1.67,22.7,21.2,182,174,77,0.57,HIIT,1.15,5,Intermediate,347
21,Female,55.8,1.52,24.1,25.7,190,168,78,0.44,Cardio,1.02,6,Advanced,221
30,Female,70.5,1.7,24.5,31.1,182,148,72,0.45,Cardio,0.78,5,Intermediate,229
24,Female,60.8,1.68,21.6,18.6,193,166,80,0.58,Cardio,1.37,3,Intermediate,258
47,Male,54.8,1.77,17.5,21.1,166,133,73,0.82,Strength,0.86,7,Advanced,345
52,Male,59.5,1.62,22.7,22.2,171,161,75,0.66,HIIT,1.57,3,Beginner,330
54,Male,74.1,1.68,26.2,28.4,174,163,73,0.44,HIIT,1.02,3,Intermediate,268
45,Female,69.9,1.66,25.3,26.4,175,112,60,1.03,Yoga,1.43,5,Intermediate,257
51,Male,90.1,1.75,29.4,24.6,166,129,76,0.98,Cardio,1.42,3,Beginner,488
35,Male,78.6,1.56,32.2,27.7,191,184,62,0.57,HIIT,1.24,3,Intermediate,471
44,Male,93.4,1.84,27.7,22.4,183,156,65,0.6,Cardio,1.14,3,Beginner,399
22,Male,93.0,1.76,30.1,28.7,185,151,76,1.25,Cardio,2.08,1,Beginner,751
41,Female,72.9,1.62,27.7,27.6,170,162,64,0.48,HIIT,0.82,5,Intermediate,295
41,Male,103.6,1.82,31.3,29.5,173,119,74,1.07,Yoga,1.38,3,Beginner,379
19,Male,92.3,1.7,31.8,26.5,198,152,69,0.87,Strength,0.86,4,Advanced,548
41,Female,81.8,1.7,28.4,29.8,181,151,69,0.92,Cardio,1.37,5,Advanced,586
49,Male,86.6,1.78,27.5,30.3,180,142,62,0.78,Strength,0.83,4,Advanced,419
33,Male,84.4,1.87,24.0,22.7,183,154,80,0.95,Cardio,1.78,2,Beginner,511
41,Male,85.6,1.86,24.6,15.0,173,116,74,1.47,Yoga,1.65,2,Beginner,451
30,Female,58.6,1.58,23.5,25.9,193,187,77,0.64,HIIT,1.44,1,Beginner,269
29,Male,86.3,1.78,27.2,12.9,184,155,67,1.03,Cardio,2.05,3,Beginner,617
23,Female,60.0,1.65,22.1,29.5,193,162,67,0.58,Cardio,1.02,5,Advanced,333
32,Female,50.6,1.45,24.1,25.1,175,155,77,0.85,Cardio,1.6,5,Intermediate,299
52,Female,55.1,1.77,17.5,20.2,168,119,80,0.95,Yoga,1.14,3,Beginner,182
58,Male,90.4,1.7,31.3,36.7,175,135,63,0.84,Strength,1.28,5,Advanced,505
45,Female,60.9,1.59,24.0,48.0,172,163,68,0.59,HIIT,1.58,3,Intermediate,302
44,Male,79.8,1.73,26.5,27.1,183,164,68,0.49,HIIT,1.62,3,Beginner,329
44,Male,96.7,1.79,30.3,39.4,161,131,70,0.73,Strength,1.06,1,Beginner,279
38,Female,69.6,1.64,25.9,19.1,178,146,62,0.77,Cardio,1.55,5,Intermediate,353
36,Male,71.4,1.53,30.3,26.0,182,126,67,1.22,Yoga,1.43,4,Advanced,376
44,Male,62.4,1.76,20.1,10.2,190,166,78,0.76,Cardio,1.41,1,Beginner,330
51,Male,109.3,1.79,33.9,21.3,165,132,63,0.81,Strength,1.33,6,Advanced,632
35,Male,91.8,1.78,28.9,22.5,188,168,67,0.56,HIIT,1.12,5,Advanced,563
42,Male,77.7,1.74,25.6,17.9,186,174,66,0.83,HIIT,0.73,4,Advanced,731
38,Female,83.8,1.67,30.2,32.8,176,121,81,1.11,Yoga,1.64,2,Beginner,303
30,Female,53.9,1.63,20.4,23.5,184,157,71,0.96,Cardio,1.42,3,Beginner,341
30,Male,75.2,1.78,23.7,19.7,188,134,64,0.8,Strength,1.18,4,Advanced,370
21,Female,96.2,1.78,30.3,40.4,182,136,69,1.25,Strength,1.7,1,Beginner,566
36,Male,55.8,1.78,17.7,8.0,180,146,64,1.03,Strength,1.31,3,Intermediate,343
48,Male,76.7,1.69,26.9,19.1,184,159,74,0.92,Cardio,1.6,3,Intermediate,559
47,Male,66.9,1.58,26.8,22.1,179,152,74,0.56,Cardio,1.07,1,Beginner,226
60,Male,95.1,1.72,32.3,26.8,166,138,68,0.63,Cardio,0.99,6,Advanced,474
19,Male,61.1,1.8,18.8,26.9,195,161,75,1.24,Cardio,1.99,7,Advanced,643
50,Male,92.0,1.73,30.9,28.2,177,145,79,0.86,Strength,1.31,3,Intermediate,484
52,Male,74.0,1.81,22.7,9.7,177,136,61,0.93,Strength,1.62,4,Intermediate,445
36,Female,56.1,1.56,23.1,29.7,179,176,72,0.34,HIIT,0.53,6,Advanced,196
30,Male,68.3,1.84,20.2,20.4,198,154,72,0.89,Strength,1.14,5,Intermediate,456
33,Male,61.8,1.73,20.7,16.8,194,151,68,1.16,Strength,1.84,4,Intermediate,471
47,Male,83.7,1.78,26.3,15.4,180,147,70,0.58,Cardio,0.94,7,Advanced,399
55,Female,56.8,1.66,20.6,27.3,164,127,60,1.02,Strength,1.27,3,Intermediate,285
45,Male,95.0,1.86,27.6,17.4,170,150,83,0.68,Cardio,1.08,2,Beginner,407
40,Female,56.1,1.59,22.3,29.7,178,152,77,0.92,Cardio,1.51,2,Beginner,247
46,Male,59.6,1.72,20.2,18.3,177,138,69,1.05,Strength,1.51,1,Beginner,338
21,Male,74.6,1.81,22.8,23.1,180,144,67,1.12,Strength,1.56,5,Intermediate,585
44,Female,69.4,1.63,26.1,48.0,181,160,61,0.81,Cardio,1.14,5,Intermediate,431
19,Male,74.1,1.77,23.7,23.7,203,158,69,1.1,Strength,1.78,5,Intermediate,577
59,Male,74.6,1.73,24.9,18.0,171,142,68,1.04,Strength,1.85,5,Intermediate,474
56,Male,89.2,1.8,27.4,30.3,165,157,60,0.25,HIIT,0.25,5,Advanced,263
39,Female,79.1,1.65,28.9,33.9,175,170,72,0.44,HIIT,0.64,7,Advanced,363
34,Female,73.7,1.77,23.6,46.2,186,173,82,0.53,HIIT,1.4,1,Beginner,303
49,Female,56.2,1.64,20.8,19.0,173,147,71,1.26,Cardio,2.37,5,Intermediate,432
45,Female,62.9,1.58,25.1,24.5,180,168,69,0.44,HIIT,0.49,5,Intermediate,238
48,Male,94.2,1.88,26.6,23.2,179,146,73,0.46,Strength,1.07,4,Intermediate,277
40,Female,49.4,1.6,19.2,18.3,188,153,74,1.2,Strength,2.11,1,Beginner,324
28,Male,65.8,1.75,21.4,8.0,180,169,61,0.58,HIIT,1.02,4,Advanced,437
21,Female,61.7,1.67,22.1,23.1,194,154,64,0.94,Strength,1.8,5,Advanced,343
30,Male,76.8,1.79,24.0,15.6,184,142,69,0.59,Strength,0.96,4,Intermediate,231
40,Male,66.5,1.74,21.9,26.3,179,173,69,0.37,HIIT,1.0,7,Advanced,309
36,Female,71.0,1.61,27.5,19.0,189,131,68,1.16,Yoga,1.12,6,Advanced,326
39,Male,52.5,1.68,18.7,9.0,188,133,76,1.08,Yoga,1.48,1,Beginner,210
29,Female,49.4,1.62,18.8,12.9,197,152,62,0.94,Strength,1.62,3,Intermediate,224
58,Male,65.6,1.67,23.5,14.6,171,142,75,0.75,Strength,1.62,5,Intermediate,297
33,Female,59.4,1.57,24.1,18.0,184,168,68,0.73,HIIT,1.82,6,Advanced,433
54,Female,58.6,1.74,19.3,17.0,169,151,90,0.76,Cardio,1.32,1,Beginner,252
34,Male,80.3,1.89,22.5,18.3,172,163,68,0.63,HIIT,2.1,4,Intermediate,456
37,Female,64.5,1.66,23.3,23.8,191,143,70,0.72,Strength,1.5,4,Advanced,223
43,Female,66.0,1.68,23.3,17.3,176,158,91,0.25,Cardio,0.81,3,Beginner,90
29,Female,71.3,1.68,25.4,44.1,191,155,69,0.34,Cardio,0.54,5,Advanced,202
27,Male,77.6,1.87,22.3,21.5,194,127,70,0.94,Yoga,0.74,5,Intermediate,323
34,Female,82.4,1.65,30.4,33.0,175,148,62,0.89,Cardio,1.13,7,Advanced,546
52,Female,69.4,1.61,26.7,29.5,166,141,77,0.71,Cardio,1.03,5,Advanced,360
24,Male,81.9,1.94,21.7,23.5,202,170,67,1.2,Cardio,2.25,3,Beginner,769
36,Male,80.7,1.79,25.2,24.7,185,158,73,0.94,Cardio,1.68,5,Intermediate,633
46,Male,70.7,1.67,25.3,14.2,172,144,72,0.76,Cardio,1.18,2,Beginner,329
48,Female,70.7,1.55,29.4,31.1,174,166,70,0.42,HIIT,0.95,5,Intermediate,217
36,Male,69.3,1.75,22.5,13.8,190,156,62,1.21,Cardio,1.85,4,Intermediate,649
21,Female,72.5,1.62,27.7,37.1,199,188,76,0.6,HIIT,1.47,7,Advanced,495
18,Female,57.4,1.52,25.0,21.2,185,126,73,0.51,Yoga,0.55,1,Beginner,90
38,Male,96.2,1.78,30.5,23.8,193,144,67,0.73,Strength,1.26,1,Beginner,334
52,Male,87.1,1.71,29.7,29.1,179,150,78,0.46,Cardio,1.02,5,Intermediate,286
19,Female,81.1,1.78,25.5,29.9,193,156,68,1.24,Strength,1.53,3,Intermediate,634
56,Male,68.9,1.7,23.8,16.3,161,138,73,0.56,Cardio,1.47,5,Intermediate,261
47,Female,68.2,1.6,26.7,21.9,183,141,79,1.23,Strength,1.66,2,Beginner,394
18,Female,58.9,1.56,24.1,22.5,198,140,77,0.91,Yoga,0.85,1,Beginner,218
32,Female,84.1,1.64,31.2,28.2,175,110,55,0.8,Yoga,1.22,7,Advanced,227
27,Male,71.4,1.69,25.1,23.0,187,180,79,0.42,HIIT,1.01,2,Beginner,300
58,Female,58.2,1.58,23.3,21.0,190,166,70,0.69,Cardio,1.35,3,Intermediate,319
41,Female,60.5,1.62,23.1,32.6,180,170,66,0.56,HIIT,0.9,7,Advanced,346
31,Male,56.0,1.67,20.2,15.3,181,182,74,0.47,HIIT,1.27,1,Beginner,227
29,Female,76.5,1.69,26.9,24.9,180,131,61,0.86,Strength,1.86,3,Intermediate,332
42,Female,54.4,1.58,21.7,23.7,191,176,76,0.3,HIIT,0.49,2,Beginner,121
18,Female,76.8,1.63,29.0,40.0,201,166,60,0.46,Cardio,1.03,4,Advanced,269
29,Male,58.0,1.71,19.9,18.0,197,178,69,0.69,Cardio,1.04,3,Intermediate,327
25,Male,87.1,1.86,25.3,14.6,192,159,69,0.59,Strength,1.69,4,Advanced,369
44,Male,85.0,1.71,29.2,19.2,186,167,81,0.74,Cardio,1.62,3,Beginner,455
46,Male,57.4,1.81,17.5,17.1,170,141,66,0.85,Cardio,1.52,3,Intermediate,322
38,Male,99.3,1.75,32.5,37.0,183,169,80,0.51,HIIT,0.82,5,Intermediate,436
24,Female,68.3,1.72,23.2,37.0,193,130,80,0.96,Yoga,0.89,1,Beginner,192
33,Male,72.5,1.69,25.3,19.3,194,149,72,0.75,Strength,1.38,3,Beginner,291
54,Female,76.8,1.69,27.0,25.2,173,170,68,0.48,HIIT,0.75,1,Beginner,232
26,Male,79.3,1.7,27.6,16.9,185,118,59,1.1,Yoga,0.92,6,Advanced,358
25,Male,80.2,1.76,25.8,30.1,191,162,72,0.92,Cardio,1.54,3,Intermediate,566
22,Male,85.9,1.73,28.6,25.8,180,146,66,0.62,Strength,1.08,3,Intermediate,357
53,Male,75.9,1.68,26.8,19.0,155,121,78,0.95,Strength,1.52,4,Intermediate,353
23,Female,90.4,1.69,31.5,33.3,197,166,67,1.09,Cardio,1.64,5,Intermediate,767
43,Female,74.6,1.67,26.8,45.6,175,159,65,0.55,HIIT,1.41,5,Intermediate,392
60,Female,76.8,1.54,32.3,44.7,165,132,72,0.89,Strength,1.13,4,Intermediate,332
45,Male,87.4,1.76,28.2,23.1,183,140,67,1.18,Strength,1.84,5,Intermediate,631
35,Female,46.7,1.61,17.9,27.8,193,162,74,0.52,Cardio,1.07,3,Beginner,195
26,Male,99.1,1.69,34.7,33.6,193,166,74,0.81,Cardio,1.55,7,Advanced,739
18,Female,60.0,1.63,22.6,31.5,205,135,69,0.89,Yoga,1.37,6,Advanced,245
24,Male,88.8,1.71,30.5,27.5,194,165,75,0.91,Cardio,1.41,2,Beginner,571
58,Male,70.6,1.68,24.9,23.0,170,148,72,1.22,Cardio,1.76,4,Intermediate,651
24,Male,77.2,1.64,28.8,15.6,193,157,64,0.88,Cardio,1.07,3,Beginner,480
18,Male,66.0,1.72,22.2,20.4,186,150,70,1.21,Strength,1.21,4,Advanced,504
53,Male,87.1,1.79,27.2,23.1,178,140,69,1.19,Strength,1.64,6,Advanced,676
35,Female,65.6,1.66,23.8,40.6,166,132,73,1.0,Strength,1.44,6,Advanced,344
33,Female,78.2,1.59,30.8,24.6,181,152,78,0.95,Cardio,1.3,1,Beginner,441
48,Female,62.0,1.53,26.5,43.6,175,149,73,0.93,Cardio,1.34,1,Beginner,304
40,Male,96.1,1.84,28.4,32.5,175,135,81,0.7,Yoga,1.3,3,Beginner,255
57,Female,51.1,1.71,17.5,12.9,166,156,73,0.63,HIIT,1.54,3,Beginner,236
38,Male,86.5,1.88,24.5,18.9,194,177,76,0.39,HIIT,0.63,3,Beginner,270
48,Female,80.8,1.75,26.4,19.1,182,176,73,0.38,HIIT,0.82,1,Beginner,223
55,Male,63.3,1.57,25.6,24.9,165,153,71,0.57,HIIT,1.32,4,Advanced,361
37,Male,84.1,1.72,28.5,27.3,179,155,72,0.73,Cardio,1.14,3,Beginner,452
30,Female,63.0,1.64,23.4,29.2,178,143,84,0.95,Strength,1.21,1,Beginner,248
59,Male,77.4,1.76,25.0,25.1,172,147,80,0.68,Strength,1.02,5,Advanced,326
27,Male,91.7,1.77,29.3,32.1,187,157,76,0.73,Cardio,1.57,3,Intermediate,565
19,Female,50.4,1.7,17.5,20.8,180,135,80,1.13,Yoga,1.56,5,Intermediate,217
42,Male,85.4,1.78,27.0,17.3,179,134,62,0.53,Strength,0.76,4,Intermediate,264
60,Female,59.6,1.59,23.5,25.4,170,157,59,0.63,HIIT,1.42,4,Advanced,321
21,Male,60.5,1.68,21.3,22.4,200,139,69,0.66,Yoga,0.88,3,Intermediate,166
54,Female,75.3,1.7,26.1,35.9,170,137,71,0.69,Strength,0.87,3,Intermediate,315
53,Female,84.9,1.7,29.5,31.6,169,129,70,1.42,Yoga,1.43,5,Intermediate,455
57,Female,74.4,1.61,28.7,28.5,183,140,61,1.22,Strength,1.41,3,Intermediate,524
36,Female,64.3,1.63,24.3,28.5,183,131,81,0.82,Yoga,1.31,3,Beginner,163
28,Female,74.4,1.63,28.1,33.2,193,165,84,1.07,Strength,1.94,4,Intermediate,479
40,Female,79.0,1.68,28.1,29.3,176,137,82,0.86,Strength,1.21,1,Beginner,283
24,Male,70.7,1.7,24.5,26.0,196,146,74,1.06,Strength,1.38,4,Advanced,474
54,Male,61.1,1.66,22.2,12.9,161,136,76,0.25,Cardio,0.94,2,Beginner,90
46,Female,68.4,1.75,22.4,20.4,173,142,69,0.46,Strength,1.17,2,Beginner,174
38,Male,84.4,1.74,28.0,20.2,173,114,75,0.71,Yoga,0.65,1,Beginner,170
40,Male,71.9,1.71,24.6,23.9,176,169,80,0.66,HIIT,1.32,5,Advanced,500
48,Male,69.5,1.83,20.8,16.5,183,159,72,0.47,Cardio,0.94,3,Beginner,200
40,Female,55.2,1.73,18.4,23.4,176,160,68,1.12,Cardio,1.61,4,Intermediate,457
54,Male,87.5,1.77,28.0,21.6,176,157,74,0.65,Cardio,1.28,5,Advanced,442
57,Female,65.8,1.7,22.7,28.2,179,158,81,0.95,Cardio,1.41,1,Beginner,346
58,Female,69.4,1.63,26.1,18.6,168,122,66,1.03,Yoga,1.06,4,Intermediate,272
44,Female,77.2,1.62,29.5,38.4,184,149,73,1.02,Strength,1.46,1,Beginner,386
49,Male,64.2,1.8,19.8,16.4,178,150,71,0.46,Cardio,0.57,3,Beginner,180
31,Female,73.7,1.73,24.6,42.1,187,142,71,0.98,Strength,0.94,5,Intermediate,404
19,Female,66.2,1.66,24.2,36.2,199,167,74,0.29,Cardio,0.95,6,Advanced,185
35,Male,80.4,1.75,26.2,19.9,196,166,70,0.81,Cardio,1.21,3,Beginner,485
55,Female,78.7,1.63,29.5,19.4,166,158,77,0.45,HIIT,1.57,3,Intermediate,263
23,Male,58.1,1.72,19.7,13.1,185,163,75,0.66,HIIT,1.85,3,Beginner,302
41,Female,70.8,1.62,27.0,22.7,172,126,85,1.19,Yoga,1.19,5,Intermediate,293
26,Male,89.9,1.77,28.7,26.7,196,184,73,0.7,HIIT,2.0,4,Intermediate,681
36,Female,72.4,1.73,24.1,28.6,191,152,70,1.09,Strength,1.81,5,Intermediate,477
24,Female,63.4,1.62,24.3,35.3,187,184,74,0.61,HIIT,1.13,3,Intermediate,366
49,Male,83.6,1.78,26.4,14.2,159,115,72,1.38,Yoga,0.83,2,Beginner,361
52,Female,65.0,1.58,26.1,29.2,167,152,60,0.25,HIIT,0.9,5,Intermediate,139
50,Male,77.5,1.69,27.0,20.2,177,112,69,1.39,Yoga,1.49,5,Intermediate,360
48,Female,78.9,1.71,26.9,38.9,174,167,69,0.83,HIIT,1.73,4,Intermediate,616
28,Female,62.9,1.73,21.1,28.1,189,120,65,0.95,Yoga,1.07,2,Beginner,157
40,Male,83.6,1.71,28.6,25.4,176,155,70,0.99,Cardio,1.34,5,Intermediate,643
22,Male,97.7,1.83,29.2,30.8,199,188,58,0.45,HIIT,0.93,5,Intermediate,435
34,Female,67.0,1.62,25.5,27.9,187,140,72,1.16,Strength,1.83,2,Beginner,367
39,Male,55.9,1.71,19.1,12.5,185,151,76,0.59,Strength,0.93,2,Beginner,143
46,Female,66.2,1.65,24.4,9.1,177,173,71,0.81,HIIT,1.5,4,Intermediate,469
22,Female,68.1,1.63,25.5,34.4,196,135,68,0.97,Yoga,0.76,5,Intermediate,326
52,Female,54.9,1.64,20.5,26.1,175,112,74,1.32,Yoga,1.45,3,Beginner,205
37,Male,73.4,1.77,23.4,32.1,176,144,63,1.19,Cardio,1.6,5,Advanced,716
55,Female,50.5,1.61,19.4,21.6,173,156,71,0.45,HIIT,1.27,4,Intermediate,208
40,Female,70.7,1.62,27.1,27.3,186,177,71,0.72,HIIT,1.27,3,Intermediate,499
41,Male,72.3,1.69,25.4,21.0,188,148,65,0.9,Strength,1.29,3,Intermediate,401
47,Male,56.6,1.75,18.5,8.0,178,139,72,0.64,Cardio,1.71,3,Intermediate,279
53,Male,77.8,1.73,26.1,26.5,165,141,72,0.72,Cardio,1.21,5,Intermediate,419
24,Male,76.8,1.77,24.6,17.7,185,177,67,0.48,HIIT,0.97,4,Advanced,413
39,Female,66.2,1.57,26.8,37.7,178,147,85,1.12,Strength,1.76,4,Intermediate,425
19,Male,69.6,1.73,23.3,18.6,195,131,70,0.83,Yoga,0.58,3,Intermediate,220
38,Female,61.7,1.68,21.8,23.0,181,141,69,0.93,Strength,1.71,5,Intermediate,324
52,Male,68.7,1.77,21.9,14.0,164,109,68,1.01,Yoga,1.42,5,Intermediate,240
55,Male,67.9,1.73,22.8,24.6,162,130,69,0.86,Strength,1.45,1,Beginner,284
30,Male,75.2,1.74,24.9,14.2,172,163,75,0.62,HIIT,0.45,5,Intermediate,495
34,Female,64.0,1.59,25.4,19.0,162,142,67,0.59,Cardio,1.04,3,Intermediate,198
41,Female,62.8,1.62,24.1,21.4,179,143,64,1.19,Strength,1.37,4,Advanced,487
35,Male,58.9,1.59,23.2,29.6,200,187,68,0.38,HIIT,1.21,4,Intermediate,229
25,Female,55.3,1.53,23.5,26.8,203,137,65,0.51,Yoga,1.03,4,Intermediate,142
31,Male,105.1,1.75,34.3,29.3,179,165,57,0.43,HIIT,1.1,6,Advanced,479
35,Male,62.9,1.7,21.9,25.6,184,149,68,1.06,Cardio,1.42,5,Intermediate,509
40,Male,74.5,1.81,22.7,18.8,170,142,80,0.69,Strength,1.5,3,Beginner,267
57,Female,97.4,1.64,36.0,48.0,160,140,76,1.26,Cardio,1.91,2,Beginner,645
41,Female,73.3,1.67,26.4,33.5,171,153,84,1.13,Cardio,2.26,3,Beginner,557
34,Female,45.2,1.52,19.6,19.2,183,166,79,0.6,HIIT,1.33,2,Beginner,168
46,Male,85.0,1.74,28.0,24.0,175,174,74,0.71,HIIT,1.56,3,Intermediate,603
51,Male,64.8,1.74,21.3,10.8,174,169,82,0.69,HIIT,1.29,5,Intermediate,411
36,Female,60.5,1.46,28.3,27.9,187,125,70,1.1,Yoga,1.6,5,Intermediate,203
39,Male,72.4,1.74,24.0,9.6,178,163,75,0.82,HIIT,1.75,1,Beginner,485
27,Female,53.5,1.52,23.1,34.7,189,183,71,0.38,HIIT,1.29,4,Intermediate,175
55,Female,87.3,1.68,30.9,42.0,162,138,84,0.84,Cardio,1.47,2,Beginner,360
55,Male,74.6,1.66,27.0,24.9,161,150,68,1.13,Cardio,1.79,4,Advanced,672
25,Female,81.7,1.69,28.5,26.9,180,166,71,0.28,HIIT,0.93,1,Beginner,115
32,Female,87.9,1.82,26.5,27.5,190,138,74,0.92,Yoga,1.47,3,Intermediate,311
29,Male,75.8,1.81,23.1,21.2,185,156,70,0.25,Cardio,0.93,2,Beginner,110
57,Female,75.8,1.67,27.1,39.4,156,136,74,0.89,Strength,1.39,3,Intermediate,278
20,Female,68.0,1.52,29.4,48.0,193,177,73,0.87,HIIT,1.21,5,Intermediate,550
26,Male,68.9,1.65,25.3,14.1,181,154,70,0.94,Cardio,1.76,4,Intermediate,503
31,Female,82.8,1.62,31.6,32.5,198,161,78,1.14,Strength,1.27,3,Beginner,505
42,Male,81.7,1.71,28.0,9.9,175,118,59,1.28,Yoga,1.4,6,Advanced,448
28,Female,63.5,1.58,25.6,25.2,193,186,72,0.93,HIIT,1.74,3,Intermediate,589
41,Female,72.4,1.68,25.8,29.1,187,156,68,1.13,Cardio,1.45,4,Intermediate,547
50,Female,60.3,1.54,25.3,26.8,167,125,85,1.18,Yoga,1.41,7,Advanced,285
53,Male,58.7,1.71,20.0,17.5,172,143,69,0.62,Strength,1.58,7,Advanced,283
22,Female,63.0,1.61,24.5,29.8,196,127,71,1.27,Yoga,1.31,2,Beginner,222
23,Male,97.5,1.95,25.6,20.2,192,165,66,0.5,Cardio,1.19,1,Beginner,336
22,Male,72.8,1.77,23.2,25.1,195,155,82,0.87,Strength,1.91,1,Beginner,386
57,Male,90.5,1.86,26.1,19.3,159,131,72,0.95,Strength,1.63,1,Beginner,393
46,Female,75.7,1.74,24.9,20.6,180,153,66,0.81,Cardio,1.24,4,Intermediate,439
40,Male,87.5,1.78,27.7,23.8,177,117,70,0.66,Yoga,0.95,5,Advanced,202
52,Male,77.2,1.68,27.3,20.1,175,149,72,0.59,Cardio,1.23,4,Advanced,351
43,Female,67.2,1.62,25.4,21.4,185,159,75,0.98,Cardio,1.97,3,Intermediate,471
28,Male,53.1,1.65,19.6,18.4,193,151,71,0.76,Strength,1.51,5,Intermediate,198
39,Male,109.6,1.86,31.6,21.5,183,180,69,0.49,HIIT,0.41,6,Advanced,611
48,Male,75.5,1.76,24.3,23.5,179,173,69,0.73,HIIT,1.25,5,Advanced,621
19,Male,59.9,1.56,24.5,18.2,199,137,76,1.51,Yoga,1.56,3,Beginner,346
44,Female,61.5,1.62,23.5,26.4,188,157,73,1.16,Cardio,1.59,3,Intermediate,478
39,Male,74.0,1.8,22.9,27.9,181,140,74,0.8,Strength,0.33,5,Advanced,358
20,Male,92.1,1.73,30.7,25.5,195,176,75,0.7,Cardio,1.08,2,Beginner,516
29,Female,79.9,1.63,30.1,38.7,194,145,66,1.31,Strength,1.82,4,Intermediate,590
37,Female,68.3,1.61,26.5,35.3,179,121,67,1.15,Yoga,1.16,6,Advanced,322
32,Female,62.1,1.6,24.4,39.7,176,168,72,0.6,HIIT,1.03,7,Advanced,394
30,Female,69.2,1.6,27.2,28.8,190,143,57,1.26,Strength,1.78,5,Advanced,533
45,Female,59.9,1.55,25.1,38.9,175,130,57,1.07,Strength,1.63,4,Advanced,387
35,Male,71.7,1.73,24.1,8.9,175,122,80,0.95,Yoga,1.01,3,Beginner,204
39,Female,77.2,1.72,26.1,22.9,184,147,84,1.21,Strength,2.05,3,Beginner,514
52,Female,60.5,1.62,23.1,33.0,182,150,63,1.24,Cardio,1.97,4,Intermediate,549
22,Male,80.9,1.77,25.8,17.4,181,150,71,0.74,Strength,0.97,5,Intermediate,422
33,Male,78.8,1.75,25.6,20.7,192,162,68,0.98,Cardio,1.34,5,Intermediate,623
21,Male,73.0,1.64,27.1,25.3,175,147,69,0.6,Cardio,1.07,4,Intermediate,386
57,Female,58.9,1.62,22.4,34.7,166,144,73,0.3,Cardio,1.02,4,Intermediate,114
25,Female,70.5,1.6,27.5,31.3,203,159,63,1.14,Strength,1.43,4,Intermediate,511
53,Female,57.5,1.64,21.4,26.6,169,157,68,0.43,HIIT,1.16,1,Beginner,163
26,Male,72.5,1.79,22.6,27.3,190,155,73,0.89,Strength,1.38,3,Beginner,352
31,Male,60.5,1.63,22.8,17.3,191,145,74,0.58,Strength,1.5,1,Beginner,207
44,Male,48.7,1.53,20.7,13.2,165,120,68,0.86,Yoga,1.15,2,Beginner,108
53,Female,77.5,1.64,28.7,36.1,172,162,73,0.67,HIIT,1.2,4,Advanced,509
25,Female,54.8,1.61,21.1,25.8,191,149,68,0.64,Strength,1.25,4,Intermediate,234
27,Female,54.7,1.57,22.1,24.0,202,167,72,0.48,Cardio,1.16,1,Beginner,170
55,Female,70.3,1.54,29.6,33.0,161,109,72,0.74,Yoga,0.86,3,Intermediate,129
31,Female,61.1,1.64,22.6,38.5,183,148,70,0.98,Cardio,1.33,4,Intermediate,389
27,Female,71.8,1.73,24.1,25.5,182,154,79,0.92,Cardio,1.68,1,Beginner,318
49,Male,61.9,1.72,21.0,10.9,167,119,69,0.77,Yoga,0.99,3,Beginner,147
21,Male,82.7,1.72,28.0,28.7,201,150,66,0.83,Strength,0.9,2,Beginner,411
55,Male,86.0,1.75,28.0,21.3,170,152,69,0.65,HIIT,1.41,5,Intermediate,500
55,Male,88.3,1.79,27.6,30.8,166,131,75,0.78,Strength,1.06,2,Beginner,315
54,Male,82.1,1.75,26.8,20.8,167,155,67,0.44,HIIT,0.65,2,Beginner,278
30,Male,82.9,1.82,25.1,25.3,183,153,66,1.15,Cardio,1.75,2,Beginner,686
22,Female,48.0,1.45,22.8,34.2,189,160,72,0.5,Cardio,1.32,3,Intermediate,159
36,Male,59.6,1.66,21.7,22.9,174,154,70,1.11,Cardio,2.08,2,Beginner,497
32,Female,73.2,1.57,29.7,41.5,184,160,59,1.22,Cardio,2.17,6,Advanced,706
59,Female,66.1,1.54,27.7,38.8,165,131,80,1.17,Yoga,1.37,2,Beginner,245
45,Female,58.1,1.62,22.2,37.9,171,138,67,0.73,Cardio,1.45,4,Intermediate,252
58,Female,68.3,1.65,25.0,28.2,169,134,78,1.19,Strength,1.71,5,Intermediate,485
50,Male,72.8,1.75,23.7,25.0,175,168,71,0.43,HIIT,0.73,3,Intermediate,302
48,Female,57.4,1.67,20.5,30.1,171,159,76,0.53,HIIT,0.93,1,Beginner,265
22,Male,77.9,1.75,25.5,17.2,191,153,67,0.8,Strength,1.1,4,Advanced,433
20,Female,61.9,1.63,23.2,38.8,205,154,52,1.37,Strength,2.23,6,Advanced,619
19,Male,65.8,1.76,21.2,21.9,205,141,68,0.76,Yoga,1.24,1,Beginner,179
43,Male,48.2,1.58,19.2,14.4,171,166,74,0.35,HIIT,0.61,3,Beginner,158
26,Female,54.0,1.69,18.9,28.3,183,177,70,0.57,HIIT,1.24,6,Advanced,295
60,Female,55.4,1.54,23.4,29.6,159,106,60,0.86,Yoga,0.95,4,Intermediate,154
23,Male,78.5,1.79,24.5,27.1,199,186,74,0.58,HIIT,1.19,2,Beginner,403
58,Female,56.4,1.62,21.5,28.4,165,140,68,0.44,Cardio,0.78,1,Beginner,123
46,Male,80.4,1.72,27.3,25.2,178,134,72,1.13,Strength,1.97,3,Intermediate,469
22,Female,57.3,1.53,24.6,30.5,205,180,71,0.77,Cardio,1.34,3,Intermediate,343
20,Male,92.7,1.85,27.0,24.6,193,185,75,0.68,HIIT,1.45,5,Intermediate,720
35,Male,70.4,1.71,24.1,27.8,188,127,74,0.99,Yoga,1.21,6,Advanced,324
32,Male,70.9,1.8,21.8,18.3,189,156,74,0.61,Strength,0.77,5,Intermediate,256
31,Male,73.3,1.7,25.2,24.8,182,144,80,0.95,Strength,1.45,2,Beginner,320
40,Male,59.1,1.72,20.0,17.2,188,150,69,0.8,Cardio,1.65,5,Intermediate,368
23,Male,80.6,1.73,26.8,23.9,186,142,91,0.82,Yoga,1.39,3,Beginner,290
23,Male,71.9,1.84,21.2,28.4,201,162,67,0.25,Cardio,0.39,2,Beginner,90
47,Male,74.0,1.62,28.3,31.6,171,146,71,1.2,Cardio,1.52,3,Beginner,640
60,Female,64.1,1.65,23.5,33.2,163,144,80,0.88,Cardio,1.51,3,Beginner,322
29,Male,75.1,1.61,28.8,26.2,180,157,75,1.11,Cardio,2.06,4,Intermediate,588
58,Female,60.5,1.72,20.5,26.6,162,137,77,1.23,Strength,1.82,1,Beginner,294
32,Female,60.8,1.65,22.2,27.0,182,149,75,1.31,Strength,1.99,5,Intermediate,491
32,Male,70.3,1.64,26.2,24.4,168,145,58,0.74,Cardio,0.97,3,Intermediate,371
21,Female,74.1,1.59,29.2,33.3,191,161,80,0.94,Cardio,1.42,5,Intermediate,549
36,Male,80.6,1.61,31.1,31.5,179,154,70,1.18,Cardio,1.32,3,Intermediate,683
39,Male,70.3,1.68,25.0,14.8,186,141,75,0.8,Strength,1.21,4,Advanced,364
46,Female,79.5,1.58,31.8,27.8,179,158,59,1.3,Cardio,1.48,4,Intermediate,742
24,Female,66.5,1.68,23.7,32.0,186,168,76,0.58,HIIT,1.57,1,Beginner,283
26,Female,89.5,1.76,29.0,33.1,186,156,67,0.42,Cardio,1.28,4,Intermediate,251
36,Male,59.9,1.68,21.2,26.1,181,149,74,1.07,Cardio,1.76,3,Intermediate,447
20,Female,63.4,1.55,26.4,26.7,204,157,76,0.61,Strength,0.66,2,Beginner,199
24,Male,48.8,1.67,17.5,16.3,185,148,77,1.09,Strength,1.67,1,Beginner,289
45,Male,62.7,1.75,20.5,21.7,172,144,68,1.15,Cardio,2.31,3,Beginner,472
59,Male,87.1,1.81,26.6,27.5,159,144,70,1.22,Cardio,2.04,5,Intermediate,796
42,Female,56.1,1.68,19.8,15.8,168,118,70,0.8,Yoga,1.3,4,Intermediate,113
24,Male,85.1,1.79,26.4,27.1,193,163,77,0.59,Cardio,0.99,2,Beginner,298
60,Female,79.7,1.68,28.2,22.7,168,135,74,0.85,Strength,1.08,6,Advanced,427
40,Female,60.1,1.62,22.9,31.4,189,154,69,0.66,Strength,1.07,7,Advanced,254
48,Female,53.1,1.59,21.1,37.3,182,159,67,0.45,Cardio,0.44,1,Beginner,118
26,Female,59.3,1.61,23.0,39.0,205,153,68,0.6,Strength,1.59,5,Advanced,217
42,Female,51.3,1.56,21.1,31.1,178,166,90,0.63,HIIT,1.35,1,Beginner,208
21,Male,64.6,1.63,24.4,24.0,191,134,78,0.84,Yoga,1.25,7,Advanced,220
44,Male,75.7,1.73,25.2,19.9,168,142,50,0.93,Cardio,1.44,5,Advanced,534
26,Female,65.8,1.67,23.6,11.9,194,160,75,0.94,Cardio,1.17,2,Beginner,408
57,Male,84.6,1.65,31.2,31.5,170,151,76,0.77,Cardio,1.7,5,Intermediate,488
20,Male,64.1,1.7,22.1,15.4,198,149,67,0.64,Strength,0.79,4,Advanced,297
46,Male,88.3,1.71,30.1,19.3,168,164,65,0.29,HIIT,0.88,5,Advanced,255
23,Male,62.7,1.73,20.8,20.0,194,166,66,0.86,Cardio,1.57,7,Advanced,526
47,Male,67.3,1.64,25.1,18.3,177,147,74,0.67,Cardio,1.23,3,Intermediate,299
39,Male,94.0,1.79,29.3,26.2,182,120,68,1.06,Yoga,1.02,1,Beginner,257
59,Female,78.2,1.64,29.1,31.2,163,139,75,0.31,Cardio,0.72,6,Advanced,184
46,Male,74.0,1.79,23.2,18.3,184,146,70,1.26,Strength,1.53,3,Intermediate,599
33,Female,80.4,1.73,26.9,27.3,199,185,65,0.61,HIIT,1.49,3,Intermediate,465
21,Female,72.0,1.65,26.4,32.6,185,154,78,0.61,Cardio,1.28,5,Intermediate,340
43,Male,64.7,1.69,22.7,14.7,183,147,62,1.06,Cardio,1.72,5,Intermediate,487
36,Female,76.0,1.67,27.1,38.0,163,143,71,0.81,Cardio,1.26,2,Beginner,367
20,Female,77.7,1.56,31.9,40.2,198,132,67,1.04,Yoga,1.73,3,Intermediate,342
42,Female,65.7,1.57,26.6,38.6,166,147,87,1.06,Cardio,1.4,3,Beginner,408
27,Male,74.9,1.67,27.0,25.6,185,158,67,0.55,Cardio,0.67,5,Intermediate,321
28,Male,85.0,1.76,27.4,20.5,179,146,55,1.04,Cardio,1.67,7,Advanced,716
18,Male,52.7,1.66,19.2,18.1,193,164,67,0.32,Cardio,0.7,3,Intermediate,173
33,Female,72.1,1.65,26.5,48.0,191,188,74,0.54,HIIT,1.45,5,Intermediate,408
27,Female,56.0,1.63,20.9,34.7,176,158,79,0.83,Cardio,1.59,2,Beginner,342
21,Female,49.0,1.47,22.6,23.4,190,152,81,1.06,Strength,1.55,5,Advanced,342
36,Female,101.5,1.75,33.0,39.6,179,143,79,0.99,Strength,1.59,5,Intermediate,546
27,Female,59.2,1.58,23.8,33.5,200,119,72,0.92,Yoga,1.22,5,Intermediate,171
23,Female,67.6,1.75,22.0,17.2,195,170,69,1.08,Cardio,2.28,3,Beginner,509
38,Male,81.7,1.67,29.2,25.4,173,131,84,1.27,Yoga,1.45,2,Beginner,307
20,Female,53.0,1.58,21.2,24.9,190,146,69,0.98,Strength,1.28,5,Intermediate,291
60,Male,72.3,1.77,23.1,20.3,178,143,64,0.89,Cardio,1.55,4,Advanced,482
38,Male,86.0,1.71,29.5,26.7,186,169,68,0.63,HIIT,0.65,3,Intermediate,529
60,Male,74.8,1.73,25.0,28.3,160,114,67,0.78,Yoga,0.98,1,Beginner,219
55,Female,46.2,1.57,18.9,18.6,168,143,65,0.88,Cardio,1.76,6,Advanced,301
60,Male,80.0,1.73,26.9,30.8,165,119,69,0.78,Yoga,1.13,5,Intermediate,181
41,Male,72.6,1.77,23.3,19.2,176,141,72,0.85,Strength,1.37,4,Advanced,372
36,Male,106.2,1.86,30.7,24.4,171,142,72,1.18,Strength,1.83,1,Beginner,683
48,Male,68.0,1.74,22.5,15.2,170,116,63,0.87,Yoga,1.34,4,Intermediate,216
21,Male,96.7,1.83,28.8,14.0,203,158,58,1.16,Strength,2.0,5,Advanced,879
54,Female,85.2,1.64,31.5,39.4,168,148,76,0.51,HIIT,1.24,2,Beginner,322
31,Female,52.0,1.55,21.6,33.7,185,152,71,0.67,Cardio,1.14,4,Intermediate,262
18,Male,67.3,1.67,24.1,23.4,196,181,64,0.66,HIIT,0.78,4,Advanced,505
28,Male,75.2,1.69,26.3,26.7,204,164,72,1.34,Strength,2.1,2,Beginner,666
28,Male,61.5,1.69,21.5,15.9,188,171,77,0.99,Cardio,1.76,1,Beginner,420
18,Male,78.5,1.74,25.8,20.7,202,160,79,0.74,Strength,1.22,5,Intermediate,428
46,Female,68.3,1.69,23.9,25.4,172,144,70,0.93,Cardio,1.38,3,Beginner,364
22,Female,59.5,1.58,23.9,35.1,190,153,75,0.8,Cardio,1.62,1,Beginner,230
54,Female,71.4,1.69,25.0,29.0,171,153,77,0.75,Cardio,1.25,3,Intermediate,371
37,Male,74.1,1.72,25.1,26.3,177,136,66,1.0,Strength,1.46,4,Intermediate,471
48,Female,65.9,1.61,25.4,26.1,173,164,74,1.1,Cardio,1.76,3,Beginner,473
32,Male,69.4,1.75,22.5,20.5,192,160,74,0.8,Cardio,1.5,1,Beginner,419
23,Male,69.6,1.75,22.7,14.9,186,184,60,0.79,HIIT,1.27,7,Advanced,622
25,Female,73.3,1.73,24.3,28.6,190,182,72,0.4,HIIT,1.11,5,Intermediate,257
45,Female,66.9,1.65,24.6,32.9,182,165,68,0.55,HIIT,1.0,6,Advanced,358
48,Female,62.3,1.64,23.1,29.6,169,147,74,0.39,Cardio,0.68,5,Intermediate,152
29,Female,67.8,1.61,26.0,32.9,195,129,61,1.11,Yoga,1.48,7,Advanced,307
33,Female,56.5,1.78,17.9,21.6,185,145,71,0.85,Strength,1.06,4,Intermediate,274
58,Female,64.3,1.71,22.0,21.9,167,151,83,0.76,Cardio,1.56,3,Beginner,274
54,Male,72.1,1.74,23.7,18.4,157,142,80,0.99,Cardio,1.66,7,Advanced,550
35,Male,62.0,1.7,21.5,11.3,181,174,78,0.81,HIIT,1.18,4,Intermediate,514
28,Male,98.7,1.79,31.0,24.6,191,161,67,1.03,Cardio,2.02,2,Beginner,712
30,Male,78.4,1.77,24.9,19.4,199,152,77,1.3,Strength,1.89,2,Beginner,588
41,Male,71.4,1.67,25.5,18.2,183,123,68,0.85,Yoga,1.14,5,Intermediate,220
42,Male,77.2,1.83,23.0,25.2,187,161,76,0.68,Cardio,1.47,1,Beginner,318
25,Female,72.9,1.72,24.7,35.1,182,145,70,1.18,Cardio,2.24,2,Beginner,522
20,Female,48.6,1.55,20.2,12.7,193,127,64,1.18,Yoga,1.37,2,Beginner,222
39,Female,59.0,1.56,24.2,28.0,189,148,69,1.18,Strength,1.83,4,Intermediate,431
52,Male,66.5,1.77,21.2,18.6,166,138,75,0.77,Cardio,1.44,3,Intermediate,346
24,Female,61.1,1.6,23.7,28.7,198,131,73,0.96,Yoga,1.05,3,Intermediate,188
35,Male,52.2,1.73,17.5,11.5,189,129,77,1.52,Yoga,1.19,3,Beginner,269
24,Male,67.1,1.81,20.5,11.9,193,163,76,1.01,Strength,1.54,2,Beginner,445
28,Male,94.4,1.76,30.4,26.2,186,176,73,0.83,HIIT,1.97,5,Intermediate,749
44,Male,76.8,1.66,28.0,21.5,171,153,74,1.17,Cardio,2.01,3,Intermediate,656
30,Male,81.3,1.65,29.8,35.1,199,167,69,0.82,Cardio,1.14,5,Intermediate,579
29,Female,71.6,1.54,30.1,21.7,192,143,75,0.64,Strength,1.34,2,Beginner,181
60,Female,76.9,1.68,27.4,30.5,169,152,85,0.89,Cardio,1.42,2,Beginner,417
25,Female,63.6,1.66,23.1,36.3,187,173,75,0.38,HIIT,0.41,3,Beginner,202
26,Male,71.8,1.85,20.9,16.6,190,176,71,0.83,HIIT,1.88,5,Intermediate,582
57,Female,76.3,1.62,29.2,48.0,170,141,71,0.96,Cardio,1.36,4,Intermediate,466
41,Female,65.9,1.62,25.0,23.6,182,143,66,1.02,Strength,1.94,4,Advanced,391
19,Male,97.5,1.69,34.3,34.2,199,173,68,0.86,Cardio,1.74,3,Intermediate,719
36,Female,66.4,1.68,23.4,19.5,177,127,72,1.32,Yoga,1.37,3,Intermediate,324
42,Male,103.2,1.79,32.3,29.2,168,152,68,0.9,Cardio,1.63,3,Intermediate,704
28,Male,71.9,1.72,24.2,21.3,189,158,74,1.09,Strength,2.18,3,Beginner,481
41,Male,86.7,1.7,29.9,22.4,167,123,66,0.88,Strength,1.58,5,Intermediate,416
45,Male,97.7,1.77,31.2,29.0,174,135,75,0.8,Strength,1.31,3,Beginner,372
28,Male,55.8,1.63,20.9,29.9,185,165,74,0.5,HIIT,1.84,4,Intermediate,262
52,Male,74.3,1.8,23.0,26.9,176,168,73,0.25,HIIT,0.76,3,Beginner,131
37,Male,59.1,1.68,20.9,19.6,196,145,56,0.78,Strength,1.37,4,Advanced,344
59,Female,60.3,1.73,20.1,37.8,154,143,71,0.68,HIIT,1.15,6,Advanced,367
21,Male,80.3,1.71,27.3,18.3,205,136,75,0.84,Yoga,0.61,2,Beginner,259
31,Male,72.1,1.73,24.1,19.0,184,146,65,1.04,Strength,1.45,3,Intermediate,512
49,Male,72.0,1.7,25.0,27.1,177,135,75,0.99,Strength,1.47,3,Intermediate,389
56,Female,76.6,1.69,26.9,18.0,159,131,66,0.64,Cardio,1.26,3,Beginner,243
27,Female,45.6,1.6,17.7,29.2,196,184,74,0.67,HIIT,1.01,5,Advanced,314
60,Female,75.9,1.6,29.7,22.2,167,140,70,1.33,Strength,2.01,4,Intermediate,509
26,Male,73.9,1.77,23.5,33.2,189,143,54,1.02,Strength,1.29,6,Advanced,482
35,Male,82.0,1.75,26.8,23.7,170,142,69,0.76,Cardio,1.49,6,Advanced,504
31,Female,79.2,1.71,27.2,34.5,187,116,72,1.47,Yoga,1.78,3,Beginner,303
36,Male,100.4,1.83,30.0,27.2,189,152,67,1.08,Strength,1.46,5,Intermediate,689
56,Female,61.1,1.58,24.4,39.5,168,154,66,0.59,HIIT,1.01,5,Intermediate,298
49,Female,42.5,1.56,17.5,27.8,182,150,74,0.94,Cardio,1.95,2,Beginner,216
52,Male,65.9,1.62,25.0,27.1,180,115,71,1.05,Yoga,1.42,3,Beginner,239
28,Female,77.0,1.74,25.6,21.4,184,146,57,1.09,Cardio,1.8,6,Advanced,624
58,Female,64.3,1.76,20.9,37.6,179,151,82,0.6,Cardio,1.49,1,Beginner,184
36,Male,78.2,1.76,25.4,19.7,183,123,69,0.86,Yoga,1.08,3,Intermediate,274
46,Male,60.1,1.6,23.4,25.5,176,112,63,1.45,Yoga,1.38,6,Advanced,364
48,Male,63.3,1.79,19.7,15.9,175,150,68,0.97,Cardio,1.36,2,Beginner,365
46,Female,78.1,1.69,27.4,35.2,177,141,75,1.02,Strength,1.46,4,Intermediate,440
43,Male,65.8,1.7,22.7,25.4,160,161,60,0.42,HIIT,1.19,6,Advanced,279
38,Male,74.8,1.79,23.3,26.5,180,115,72,0.7,Yoga,1.27,5,Intermediate,170
45,Female,61.5,1.63,23.0,26.3,167,135,71,1.39,Strength,1.92,2,Beginner,451
56,Male,86.8,1.72,29.5,26.8,181,144,71,1.06,Strength,1.85,2,Beginner,512
34,Male,71.6,1.7,24.6,13.9,195,177,61,0.59,HIIT,1.19,5,Advanced,474
39,Female,69.4,1.66,25.1,21.0,187,176,71,0.68,HIIT,1.19,3,Beginner,398
25,Male,68.5,1.72,23.1,20.5,188,181,71,0.37,HIIT,0.58,4,Intermediate,286
33,Male,74.3,1.67,26.6,23.0,178,144,76,0.84,Strength,1.17,3,Beginner,322
51,Male,89.2,1.73,29.9,20.1,168,151,66,0.96,Cardio,1.27,3,Intermediate,615
45,Male,85.8,1.77,27.3,19.2,190,115,67,1.21,Yoga,1.84,7,Advanced,446
27,Male,82.8,1.74,27.4,17.2,184,124,76,1.33,Yoga,1.55,4,Intermediate,378
41,Female,62.6,1.52,27.1,39.6,163,160,58,0.5,HIIT,1.09,4,Advanced,319
52,Female,50.8,1.61,19.6,21.2,179,159,74,1.3,Cardio,2.46,1,Beginner,361
23,Male,52.1,1.56,21.5,12.2,202,172,65,0.99,Cardio,1.3,3,Intermediate,422
20,Female,72.1,1.73,24.0,27.0,205,188,61,0.29,HIIT,0.76,5,Advanced,192
34,Female,59.6,1.64,22.0,28.5,191,153,72,0.62,Cardio,1.65,3,Intermediate,213
46,Female,52.1,1.58,20.8,17.6,184,130,71,1.08,Yoga,1.19,2,Beginner,206
31,Female,47.1,1.63,17.7,27.2,187,149,60,0.86,Strength,1.93,5,Advanced,295
53,Female,42.7,1.47,19.7,13.2,157,146,79,0.6,HIIT,1.46,3,Intermediate,215
54,Female,58.3,1.56,23.8,15.6,171,135,76,0.9,Yoga,1.41,5,Intermediate,161
40,Male,78.7,1.79,24.5,10.2,184,142,56,1.21,Strength,2.04,6,Advanced,618
34,Female,61.5,1.68,21.8,25.1,183,144,66,1.14,Cardio,1.82,1,Beginner,405
19,Male,66.7,1.63,25.1,15.6,193,156,78,1.13,Strength,1.49,3,Beginner,467
53,Male,82.1,1.88,23.2,12.6,165,130,73,1.14,Strength,1.6,1,Beginner,431
56,Female,82.7,1.69,28.9,46.2,162,140,80,0.68,Strength,0.86,3,Intermediate,274
37,Male,76.6,1.78,24.2,28.1,195,158,78,1.0,Strength,1.45,3,Beginner,430
40,Male,86.7,1.78,27.4,27.2,193,128,73,0.88,Yoga,1.07,5,Intermediate,353
50,Male,80.1,1.77,25.6,17.7,173,145,68,0.8,Strength,1.67,3,Beginner,345
47,Male,57.3,1.72,19.5,20.7,177,157,74,0.41,Cardio,1.03,5,Intermediate,184
23,Female,63.9,1.62,24.5,33.0,185,140,67,1.02,Strength,2.08,3,Beginner,322
46,Female,52.7,1.62,20.1,28.1,181,146,82,0.57,Strength,0.45,2,Beginner,163
57,Male,74.3,1.75,24.4,16.0,181,159,77,1.15,Cardio,1.53,2,Beginner,569
50,Male,64.3,1.71,22.0,19.2,163,138,66,1.06,Cardio,1.63,5,Intermediate,504
38,Male,76.1,1.7,26.3,21.4,185,172,76,0.53,HIIT,1.54,3,Intermediate,359
40,Male,62.4,1.78,19.7,15.8,184,160,84,1.07,Cardio,1.71,5,Intermediate,562
29,Female,65.4,1.62,24.9,27.9,191,121,66,0.81,Yoga,0.64,6,Advanced,163
46,Female,76.2,1.68,27.0,35.3,188,149,74,0.93,Cardio,1.48,3,Intermediate,460
28,Male,92.0,1.8,28.2,27.6,202,172,72,1.23,Cardio,1.64,3,Beginner,927
32,Male,67.3,1.75,21.9,19.6,184,162,68,0.42,HIIT,0.64,7,Advanced,331
29,Female,66.7,1.64,24.9,20.6,192,121,65,0.79,Yoga,1.49,1,Beginner,153
32,Female,75.4,1.72,25.5,29.8,186,150,74,0.94,Cardio,1.47,3,Beginner,400
33,Male,91.7,1.73,30.7,31.5,180,146,71,1.01,Cardio,1.69,4,Intermediate,643
21,Male,55.5,1.7,19.2,12.9,195,171,85,0.85,Cardio,1.42,1,Beginner,367
48,Male,67.6,1.78,21.3,17.8,179,139,64,1.24,Strength,1.68,1,Beginner,450
36,Female,93.8,1.63,35.5,41.3,184,144,69,0.67,Strength,0.9,3,Intermediate,371
58,Male,63.8,1.64,23.8,13.7,162,136,82,0.85,Cardio,1.37,1,Beginner,304
25,Male,47.1,1.63,17.6,25.6,187,155,66,0.91,Cardio,1.61,4,Advanced,346
46,Female,56.6,1.58,22.6,33.5,173,139,67,0.51,Strength,1.28,6,Advanced,205
25,Female,50.1,1.69,17.5,24.3,184,122,66,1.08,Yoga,1.47,5,Intermediate,202
41,Male,80.7,1.77,25.7,16.4,182,174,65,0.39,HIIT,0.63,5,Intermediate,319
39,Male,90.8,1.8,27.9,37.2,184,146,60,0.83,Strength,1.53,3,Intermediate,430
37,Male,58.9,1.66,21.3,15.1,189,158,64,0.95,Cardio,1.7,6,Advanced,516
46,Female,65.7,1.69,23.0,15.8,170,136,68,1.07,Cardio,1.58,1,Beginner,386
53,Male,98.7,1.87,28.3,22.2,167,141,75,1.01,Cardio,1.71,3,Beginner,615
31,Female,51.0,1.68,18.1,27.2,197,183,66,0.59,HIIT,1.4,3,Intermediate,320
54,Female,51.4,1.61,19.8,27.8,170,113,68,0.89,Yoga,1.09,3,Intermediate,143
25,Female,63.5,1.63,23.9,32.7,190,123,72,0.65,Yoga,1.0,1,Beginner,111
30,Female,55.5,1.59,21.9,26.6,186,126,71,1.32,Yoga,1.21,4,Intermediate,285
31,Male,65.8,1.67,23.7,20.6,194,142,71,0.74,Yoga,1.45,3,Beginner,203
58,Male,65.6,1.81,20.0,17.1,176,114,61,0.95,Yoga,0.64,6,Advanced,265
23,Female,75.7,1.72,25.6,26.9,199,169,75,0.99,Cardio,1.78,1,Beginner,496
34,Male,80.8,1.83,24.2,28.6,184,153,81,1.3,Cardio,2.12,1,Beginner,758
36,Male,79.7,1.72,26.9,22.0,177,159,75,1.17,Cardio,2.03,1,Beginner,627
52,Male,71.9,1.68,25.6,26.9,186,151,71,1.18,Strength,1.5,3,Beginner,516
38,Male,75.7,1.72,25.6,15.4,187,164,74,0.6,Cardio,1.42,2,Beginner,314
59,Male,47.4,1.57,19.3,20.9,164,118,62,1.24,Yoga,1.33,3,Beginner,203
49,Female,70.7,1.63,26.7,21.5,184,144,74,0.78,Strength,0.93,2,Beginner,301
48,Female,66.7,1.68,23.5,27.3,171,136,72,0.91,Strength,1.1,2,Beginner,270
50,Female,61.1,1.59,24.2,18.7,183,163,65,1.1,Cardio,1.8,3,Intermediate,505
24,Female,75.8,1.62,28.8,30.1,201,172,66,1.12,Cardio,1.39,5,Intermediate,675
37,Male,74.0,1.83,22.1,19.9,176,140,72,0.99,Cardio,2.08,3,Beginner,435
43,Female,84.7,1.68,29.9,39.8,182,131,80,1.11,Yoga,1.52,1,Beginner,328
26,Male,102.3,1.84,30.3,21.7,195,153,81,0.61,Strength,1.49,2,Beginner,373
23,Male,84.4,1.75,27.7,30.1,205,188,69,0.56,HIIT,1.63,2,Beginner,444
23,Female,55.3,1.62,21.1,22.9,186,161,71,0.78,Cardio,1.27,2,Beginner,298
51,Male,47.5,1.65,17.5,16.1,183,135,68,1.09,Strength,1.35,5,Intermediate,281
46,Male,93.6,1.8,28.9,26.3,176,142,73,0.92,Strength,0.71,6,Advanced,581
30,Male,72.6,1.7,25.2,25.6,178,168,69,0.49,HIIT,0.99,5,Advanced,368
49,Male,58.7,1.63,22.0,20.2,173,165,71,0.37,HIIT,1.36,3,Intermediate,217
47,Male,81.7,1.67,29.3,20.8,175,154,74,0.34,Cardio,0.58,4,Intermediate,189
53,Female,62.1,1.7,21.5,24.7,164,123,71,1.42,Yoga,1.46,1,Beginner,278
57,Female,61.5,1.63,23.2,26.1,171,151,79,0.82,Cardio,1.27,3,Intermediate,344
55,Male,84.5,1.78,26.8,19.6,177,122,71,0.71,Yoga,1.02,5,Intermediate,219
25,Female,59.7,1.7,20.6,29.2,192,167,63,0.59,Cardio,1.43,7,Advanced,360
51,Male,62.5,1.6,24.4,23.9,169,156,66,0.82,Cardio,1.03,6,Advanced,420
34,Female,84.2,1.71,28.9,38.2,183,133,78,1.08,Yoga,0.9,5,Intermediate,306
35,Male,84.2,1.81,25.6,21.2,183,157,68,0.79,Cardio,1.74,5,Intermediate,544
45,Male,83.0,1.68,29.5,28.9,178,145,73,0.27,Strength,0.84,5,Advanced,91
43,Male,89.1,1.75,29.1,22.4,186,148,71,1.1,Strength,1.52,3,Beginner,606
36,Female,67.1,1.64,24.8,29.2,185,156,63,0.95,Cardio,2.01,7,Advanced,515
60,Female,45.6,1.61,17.5,25.1,157,160,78,0.46,HIIT,0.71,3,Beginner,107
25,Female,57.7,1.67,20.6,23.3,186,118,63,0.8,Yoga,1.24,6,Advanced,157
22,Female,79.2,1.69,27.7,27.9,193,138,76,0.96,Yoga,1.11,4,Intermediate,246
19,Male,54.6,1.7,18.9,8.6,202,171,77,1.45,Cardio,2.37,1,Beginner,597
53,Male,72.3,1.75,23.6,13.0,180,134,66,1.07,Strength,0.96,4,Intermediate,409
35,Male,79.8,1.75,26.1,23.3,196,166,74,0.91,Cardio,1.46,2,Beginner,541
36,Male,91.0,1.73,30.4,19.5,184,153,68,0.61,Cardio,1.33,3,Intermediate,404
45,Male,67.1,1.72,22.6,9.9,182,158,70,0.25,Cardio,0.66,4,Advanced,123
36,Male,68.9,1.76,22.4,22.9,173,126,82,0.49,Yoga,1.06,5,Intermediate,143
42,Male,75.5,1.75,24.6,25.2,182,116,66,1.33,Yoga,1.74,6,Advanced,428
20,Female,66.6,1.6,26.1,31.5,186,182,78,0.58,HIIT,1.0,3,Beginner,365
24,Male,79.0,1.81,24.2,22.5,190,156,75,1.21,Strength,1.91,3,Beginner,559
58,Female,74.7,1.61,28.8,33.4,189,157,71,1.17,Strength,1.41,5,Intermediate,543
37,Female,55.1,1.59,21.8,30.1,184,148,73,1.0,Strength,1.49,3,Beginner,263
25,Male,75.5,1.73,25.3,25.3,184,144,66,0.96,Strength,1.59,5,Intermediate,460
33,Male,83.5,1.78,26.5,8.0,188,153,76,1.26,Strength,1.56,3,Beginner,605
32,Female,63.8,1.66,23.3,14.1,182,152,69,0.88,Cardio,1.68,3,Intermediate,363
29,Female,80.7,1.7,28.0,41.1,181,154,65,0.82,Cardio,1.28,5,Intermediate,455
30,Male,73.5,1.7,25.4,19.3,202,134,74,1.29,Yoga,1.26,5,Advanced,441
49,Male,93.6,1.84,27.8,24.2,182,138,75,1.14,Strength,1.81,2,Beginner,562
22,Female,69.7,1.65,25.5,24.4,195,129,66,0.78,Yoga,0.78,4,Advanced,228
31,Female,59.7,1.51,26.2,32.2,183,156,79,0.9,Cardio,1.29,3,Intermediate,359
38,Male,79.5,1.88,22.4,28.2,179,139,63,0.79,Strength,1.5,1,Beginner,304
41,Male,67.1,1.73,22.4,25.9,190,165,78,0.73,Cardio,1.32,5,Intermediate,405
55,Female,77.5,1.62,29.5,39.2,172,153,66,0.6,Cardio,0.76,5,Intermediate,303
57,Male,83.6,1.75,27.2,22.3,147,126,76,0.71,Cardio,1.49,3,Beginner,342
30,Female,58.6,1.67,20.9,18.5,204,169,67,1.29,Cardio,1.91,4,Intermediate,570
41,Male,78.5,1.75,25.5,19.9,181,119,69,1.03,Yoga,0.84,1,Beginner,255
18,Male,57.3,1.81,17.5,8.0,197,166,82,1.08,Cardio,1.11,2,Beginner,445
44,Male,65.5,1.7,22.6,20.6,185,147,82,0.43,Strength,1.06,4,Intermediate,211
24,Male,80.4,1.68,28.5,25.5,194,151,69,1.52,Strength,1.84,3,Intermediate,792
21,Female,77.4,1.78,24.3,30.5,198,157,70,0.94,Strength,1.1,7,Advanced,512
46,Male,77.9,1.76,25.2,30.1,173,141,75,1.03,Strength,1.66,2,Beginner,406
25,Female,42.6,1.56,17.5,21.1,182,151,78,0.85,Cardio,1.66,6,Advanced,299
38,Male,75.5,1.8,23.3,33.6,183,123,55,1.06,Yoga,1.02,6,Advanced,345
22,Female,62.9,1.55,26.1,19.5,202,188,70,0.71,HIIT,1.67,4,Advanced,443
50,Female,77.1,1.7,26.6,26.9,169,154,63,0.42,HIIT,1.51,7,Advanced,308
50,Female,70.4,1.57,28.5,42.6,168,138,60,0.72,Strength,1.5,2,Beginner,243
42,Male,65.3,1.65,24.0,18.3,187,160,69,0.65,Cardio,1.49,3,Intermediate,303
53,Female,60.2,1.58,24.2,23.5,168,124,85,1.34,Yoga,1.52,1,Beginner,224
36,Female,50.4,1.6,19.7,24.8,180,142,64,1.0,Strength,1.36,5,Advanced,308
26,Female,71.0,1.72,24.0,30.6,187,160,76,0.66,Cardio,1.19,4,Intermediate,331
24,Male,54.9,1.66,20.0,16.0,190,156,82,0.69,Strength,1.23,1,Beginner,233
27,Male,54.4,1.75,17.8,12.3,178,168,68,0.33,HIIT,0.54,5,Advanced,159
26,Male,65.9,1.79,20.7,22.4,186,173,75,0.77,HIIT,1.34,1,Beginner,503
31,Female,70.3,1.52,30.5,48.0,188,165,61,0.45,HIIT,0.68,5,Intermediate,289
27,Female,57.5,1.55,23.8,27.5,190,181,67,0.5,HIIT,1.17,5,Intermediate,299
43,Male,93.7,1.91,25.6,20.0,186,159,80,1.1,Cardio,1.79,3,Beginner,736
24,Female,65.2,1.69,22.8,38.2,204,139,71,1.25,Yoga,1.21,4,Intermediate,270
44,Female,45.9,1.6,18.0,19.3,188,150,70,0.93,Strength,1.6,5,Advanced,247
32,Male,80.9,1.69,28.4,16.1,192,178,75,0.59,HIIT,0.99,3,Beginner,431
47,Male,60.7,1.86,17.5,8.0,174,158,84,0.71,Cardio,1.09,3,Intermediate,343
40,Female,59.2,1.62,22.7,34.9,176,123,72,1.24,Yoga,1.56,1,Beginner,169
56,Female,60.2,1.57,24.6,31.6,170,149,80,0.71,Cardio,1.5,5,Intermediate,264
36,Male,78.9,1.75,25.7,18.4,187,159,75,1.19,Cardio,1.68,1,Beginner,656
30,Female,67.9,1.76,22.0,16.6,193,162,78,0.79,Strength,1.3,6,Advanced,391
43,Female,41.4,1.52,17.8,22.6,182,150,60,0.8,Cardio,1.19,6,Advanced,270
46,Female,56.3,1.61,21.8,35.2,175,150,76,0.59,Cardio,1.06,2,Beginner,155
36,Female,63.9,1.71,22.0,18.1,188,170,72,0.47,HIIT,1.1,3,Beginner,191
42,Female,52.1,1.54,21.9,24.9,188,152,72,1.17,Strength,1.8,4,Intermediate,374
38,Male,85.9,1.74,28.5,16.5,188,128,78,1.04,Yoga,1.28,4,Intermediate,388
31,Male,60.7,1.73,20.2,13.7,186,156,73,1.21,Cardio,1.98,5,Intermediate,562
31,Male,79.5,1.75,25.9,29.4,180,168,82,0.88,HIIT,1.42,3,Beginner,582
57,Male,82.8,1.81,25.4,22.4,163,132,70,0.89,Strength,1.44,1,Beginner,342
47,Female,85.7,1.74,28.4,35.6,171,154,63,0.67,HIIT,1.52,4,Advanced,525
22,Male,77.9,1.79,24.3,28.2,194,141,71,0.42,Strength,1.0,3,Intermediate,180
59,Male,90.7,1.81,27.8,20.5,171,138,68,1.06,Strength,1.36,6,Advanced,670
48,Male,72.8,1.74,24.1,29.2,165,105,70,0.41,Yoga,0.91,3,Intermediate,110
20,Male,76.5,1.7,26.5,31.2,190,151,62,1.08,Strength,1.23,6,Advanced,602
49,Male,61.6,1.8,19.1,16.5,176,161,82,0.64,Cardio,1.07,2,Beginner,209
43,Female,41.9,1.55,17.5,35.9,172,161,72,0.49,HIIT,1.04,1,Beginner,114
57,Female,68.4,1.61,26.2,44.5,172,129,76,1.21,Yoga,1.02,7,Advanced,329
39,Male,78.9,1.73,26.4,25.1,179,152,68,0.88,Cardio,1.42,4,Advanced,543
40,Female,68.1,1.6,26.6,34.9,175,150,78,0.36,Strength,0.8,2,Beginner,111
31,Female,61.8,1.65,22.8,33.6,187,128,78,0.94,Yoga,0.66,1,Beginner,168
31,Male,104.7,1.85,30.5,30.6,189,165,66,0.66,HIIT,1.26,3,Intermediate,610
44,Female,60.7,1.62,23.1,25.2,171,120,73,1.1,Yoga,0.81,4,Intermediate,245
53,Male,90.0,1.85,26.4,18.7,170,150,86,0.97,Strength,1.95,3,Beginner,500
56,Male,84.6,1.77,27.1,25.2,173,165,69,0.64,HIIT,1.38,7,Advanced,598
51,Female,84.7,1.64,31.3,36.0,167,144,80,0.8,Cardio,1.42,3,Beginner,412
44,Male,66.9,1.68,23.6,24.2,166,120,75,1.09,Yoga,1.3,5,Intermediate,254
39,Female,60.0,1.64,22.3,31.5,170,143,76,0.89,Strength,1.5,3,Beginner,296
32,Female,49.8,1.62,19.1,22.3,183,171,76,0.69,HIIT,1.65,3,Beginner,271
51,Female,71.2,1.52,30.7,37.8,164,146,74,0.75,Strength,0.8,4,Intermediate,344
31,Female,62.0,1.53,26.4,32.4,184,146,79,0.86,Strength,1.64,3,Beginner,239
29,Female,61.3,1.52,26.5,32.1,199,188,63,0.56,HIIT,1.51,4,Intermediate,384
55,Female,98.3,1.65,36.0,39.0,160,135,76,1.19,Strength,1.66,3,Beginner,533
43,Male,82.7,1.78,26.0,31.3,176,116,67,0.98,Yoga,1.12,7,Advanced,410
33,Male,58.0,1.71,19.9,13.5,200,153,68,1.31,Strength,1.04,4,Intermediate,470
55,Female,64.1,1.63,24.1,18.4,173,168,76,0.62,HIIT,0.99,4,Advanced,410
59,Male,63.7,1.74,21.1,20.5,165,133,70,0.99,Strength,1.59,1,Beginner,295
31,Male,55.9,1.55,23.3,20.0,185,146,66,1.12,Strength,1.91,3,Beginner,374
40,Male,68.5,1.72,23.3,10.7,183,138,76,1.16,Strength,1.84,4,Intermediate,467
38,Female,56.5,1.58,22.6,20.1,193,165,62,1.05,Cardio,1.69,5,Intermediate,423
48,Male,52.0,1.63,19.5,11.8,171,146,63,0.71,Cardio,1.75,3,Beginner,160
58,Male,95.3,1.76,30.9,13.9,163,154,80,0.6,HIIT,1.52,1,Beginner,516
41,Male,89.8,1.86,25.9,30.7,170,162,72,0.64,HIIT,1.23,3,Intermediate,538
52,Male,68.9,1.7,23.9,22.7,173,161,77,0.58,HIIT,1.78,3,Beginner,247
43,Female,77.1,1.67,27.7,40.0,168,141,68,0.78,Cardio,1.08,4,Intermediate,388
56,Male,73.2,1.66,26.6,9.7,166,141,66,1.37,Cardio,1.75,2,Beginner,647
35,Female,70.6,1.65,25.8,29.1,177,148,67,0.69,Cardio,1.14,2,Beginner,263
34,Female,68.5,1.58,27.4,38.9,192,188,69,0.43,HIIT,0.82,5,Intermediate,280
36,Male,77.8,1.75,25.3,33.6,179,123,63,0.89,Yoga,0.99,3,Intermediate,259
60,Female,69.6,1.6,27.3,38.7,169,142,76,0.92,Cardio,1.74,2,Beginner,390
44,Female,82.2,1.72,27.7,12.4,166,167,68,0.53,HIIT,1.15,5,Intermediate,397
24,Female,66.6,1.62,25.4,42.0,192,161,72,0.65,Cardio,1.19,5,Intermediate,360
19,Male,69.6,1.7,24.0,20.8,186,159,72,0.25,Cardio,0.69,3,Intermediate,154
40,Male,97.5,1.78,30.6,33.8,177,157,73,1.09,Cardio,1.18,3,Intermediate,807
52,Female,66.3,1.7,23.0,22.2,188,150,71,0.7,Cardio,0.87,4,Advanced,290
38,Female,65.6,1.58,26.3,18.3,188,175,69,0.25,HIIT,0.64,5,Intermediate,151
42,Female,75.7,1.69,26.4,30.7,178,118,69,1.28,Yoga,1.18,6,Advanced,382
52,Female,68.1,1.74,22.5,25.3,194,165,69,1.12,Cardio,1.74,4,Advanced,617
40,Male,75.4,1.86,21.7,25.1,174,137,60,0.98,Strength,1.8,1,Beginner,397
57,Female,62.5,1.63,23.5,35.6,177,166,75,0.59,HIIT,1.23,4,Intermediate,345
45,Male,65.2,1.69,22.9,28.0,166,116,72,1.08,Yoga,0.9,5,Intermediate,274
49,Female,49.9,1.61,19.3,22.6,172,143,71,0.88,Strength,1.14,6,Advanced,269
51,Male,58.4,1.62,22.3,21.7,163,141,63,1.11,Cardio,2.21,5,Intermediate,476
44,Male,72.2,1.67,25.8,23.0,179,169,73,0.86,HIIT,2.04,3,Beginner,613
20,Female,73.3,1.57,29.6,31.2,194,164,64,0.97,Cardio,1.75,3,Intermediate,478
36,Female,80.2,1.73,26.9,38.4,181,137,79,1.12,Yoga,0.87,1,Beginner,303
24,Female,48.7,1.67,17.5,31.5,198,153,62,0.66,Strength,1.17,5,Intermediate,252
39,Male,82.8,1.74,27.2,29.2,177,163,65,0.38,HIIT,1.02,5,Intermediate,273
24,Male,67.1,1.72,22.7,18.1,193,155,74,0.37,Cardio,0.83,4,Intermediate,211
39,Female,71.1,1.64,26.5,15.8,187,138,64,0.85,Strength,1.17,5,Advanced,394
32,Male,88.8,1.89,24.7,11.1,175,116,65,0.91,Yoga,1.0,3,Intermediate,239
18,Male,72.6,1.74,24.1,10.3,190,151,76,0.97,Strength,1.28,4,Intermediate,471
23,Female,56.7,1.52,24.4,28.0,192,150,76,0.79,Strength,0.95,3,Intermediate,240
39,Male,84.4,1.85,24.7,14.3,185,128,72,1.23,Yoga,1.7,7,Advanced,467
21,Female,81.4,1.65,29.9,33.7,203,132,73,1.12,Yoga,1.49,4,Advanced,359
54,Male,71.7,1.7,24.7,22.0,169,142,73,0.7,Cardio,1.18,2,Beginner,337
50,Female,74.7,1.61,28.9,24.0,171,140,70,0.98,Strength,1.54,5,Intermediate,403
48,Female,70.5,1.58,28.4,41.0,169,142,71,0.95,Strength,1.51,2,Beginner,311
25,Female,76.6,1.67,27.3,24.8,192,175,69,0.51,HIIT,1.72,5,Advanced,390
52,Female,43.8,1.56,18.0,23.2,170,147,68,0.8,Cardio,1.61,4,Intermediate,221
45,Male,81.4,1.67,29.0,23.1,175,140,68,0.44,Cardio,1.13,5,Intermediate,222
34,Female,71.0,1.75,23.1,34.1,183,121,78,1.23,Yoga,1.37,2,Beginner,241
18,Female,81.3,1.72,27.5,37.3,199,135,82,1.53,Yoga,1.49,2,Beginner,419
40,Female,50.0,1.54,21.1,28.1,176,128,73,0.82,Yoga,1.36,4,Intermediate,154
52,Female,51.8,1.6,20.3,30.3,167,120,85,1.38,Yoga,1.64,1,Beginner,224
19,Female,88.5,1.66,32.3,45.6,197,180,70,0.69,HIIT,1.2,2,Beginner,533
20,Female,55.9,1.63,21.2,29.0,172,161,57,0.61,HIIT,1.39,6,Advanced,322
34,Female,69.7,1.55,29.2,20.3,180,170,75,0.74,HIIT,1.69,5,Intermediate,444
39,Male,79.4,1.77,25.2,27.8,173,134,70,0.72,Strength,0.63,3,Beginner,298
38,Male,74.3,1.79,23.2,21.9,190,160,73,1.16,Strength,1.42,1,Beginner,515
36,Female,75.0,1.74,24.6,24.7,180,149,57,0.95,Cardio,1.66,7,Advanced,543
28,Male,65.5,1.82,19.9,25.1,184,173,65,0.51,HIIT,0.65,5,Intermediate,351
20,Female,71.5,1.7,24.7,28.8,193,160,62,1.25,Cardio,1.52,5,Intermediate,669
19,Female,50.0,1.55,20.7,26.2,190,164,72,0.89,Cardio,1.44,3,Beginner,299
22,Male,68.0,1.71,23.3,22.7,189,156,72,0.83,Strength,1.4,3,Beginner,328
47,Female,79.3,1.67,28.3,31.2,176,150,75,0.47,Strength,1.01,1,Beginner,149
51,Female,74.0,1.7,25.8,31.4,170,144,78,0.7,Cardio,1.65,3,Intermediate,305
36,Female,47.4,1.57,19.2,30.5,180,175,78,0.26,HIIT,0.78,2,Beginner,106
21,Male,79.6,1.68,28.0,23.0,186,126,65,1.19,Yoga,1.23,1,Beginner,306
35,Female,59.3,1.55,24.8,27.2,175,156,74,0.59,Cardio,0.79,4,Intermediate,202
60,Male,60.7,1.63,22.7,26.2,167,143,68,0.92,Cardio,1.44,7,Advanced,481
28,Female,78.0,1.68,27.6,32.3,190,161,70,1.24,Cardio,2.13,4,Intermediate,678
39,Male,65.6,1.65,24.2,16.2,171,165,71,0.79,HIIT,1.74,4,Intermediate,499
41,Female,53.1,1.62,20.4,14.3,185,178,72,0.58,HIIT,1.31,5,Intermediate,312
32,Female,77.7,1.56,31.8,23.8,191,169,67,1.07,Cardio,1.87,3,Intermediate,629
36,Female,62.6,1.59,24.7,34.6,190,179,73,0.51,HIIT,1.45,1,Beginner,183
38,Male,77.3,1.78,24.5,17.9,184,158,78,0.81,Cardio,1.42,5,Intermediate,500
38,Female,62.1,1.63,23.3,26.5,186,133,67,0.81,Strength,1.6,5,Intermediate,304
48,Female,72.2,1.57,29.3,36.1,190,117,65,0.64,Yoga,0.69,4,Intermediate,173
42,Male,67.4,1.72,22.8,22.7,177,148,67,0.98,Cardio,1.6,6,Advanced,481
20,Female,44.6,1.53,18.9,18.3,186,151,61,0.85,Cardio,1.33,6,Advanced,357
18,Female,54.7,1.57,22.2,22.0,184,147,64,1.1,Strength,1.78,1,Beginner,258
35,Female,87.4,1.71,29.8,35.1,196,146,69,0.86,Strength,1.06,3,Intermediate,388
57,Female,73.5,1.62,28.0,38.4,181,128,83,1.3,Yoga,1.33,1,Beginner,308
19,Female,72.4,1.74,23.8,20.2,188,126,74,1.27,Yoga,0.92,3,Beginner,305
21,Female,79.2,1.62,30.0,32.6,188,167,75,0.74,Cardio,1.46,1,Beginner,380
47,Female,73.2,1.63,27.6,30.1,173,143,62,0.54,Cardio,1.36,2,Beginner,203
37,Male,61.8,1.61,23.8,22.9,191,181,73,0.45,HIIT,1.27,4,Intermediate,328
27,Female,52.2,1.47,24.2,28.6,180,155,71,1.08,Cardio,1.95,5,Intermediate,397
26,Female,70.3,1.64,26.1,26.6,176,122,64,1.35,Yoga,1.66,7,Advanced,337
46,Female,57.3,1.63,21.6,35.2,191,184,75,0.35,HIIT,1.07,2,Beginner,195
40,Female,73.3,1.72,24.8,25.5,182,156,75,0.77,Cardio,1.5,1,Beginner,342
45,Male,79.9,1.75,26.0,23.6,180,160,64,0.43,HIIT,1.17,4,Intermediate,349
30,Male,55.1,1.73,18.4,19.7,185,158,76,1.1,Cardio,1.61,3,Beginner,439
40,Male,75.9,1.78,24.1,9.9,183,149,82,1.25,Strength,1.71,3,Beginner,610
54,Male,70.6,1.73,23.6,24.3,160,130,66,0.78,Strength,1.24,7,Advanced,346
31,Male,94.1,1.81,28.7,14.7,180,139,69,1.14,Strength,1.54,3,Beginner,578
35,Male,47.8,1.64,17.8,14.3,184,179,73,0.42,HIIT,0.6,2,Beginner,191
25,Female,61.1,1.62,23.4,31.8,174,164,76,0.66,HIIT,1.06,5,Intermediate,350
45,Male,82.3,1.89,23.0,28.2,175,112,63,0.72,Yoga,0.99,4,Intermediate,229
19,Male,82.8,1.71,28.4,17.6,192,128,74,1.38,Yoga,1.7,5,Intermediate,379
28,Male,74.0,1.73,24.6,11.2,186,155,67,0.9,Strength,1.37,4,Intermediate,443
48,Male,90.1,1.69,31.6,28.2,171,150,69,0.75,Cardio,2.01,7,Advanced,562
18,Male,85.9,1.77,27.3,21.1,188,181,71,0.78,HIIT,1.31,2,Beginner,631
60,Female,65.4,1.68,23.2,21.0,154,104,67,0.78,Yoga,1.1,3,Intermediate,114
35,Female,75.6,1.72,25.7,30.7,184,156,80,1.09,Cardio,2.08,3,Intermediate,591
35,Male,76.8,1.81,23.5,8.1,181,136,59,0.54,Strength,1.22,7,Advanced,272
41,Female,75.5,1.64,28.1,43.0,170,138,74,1.02,Strength,1.66,3,Intermediate,410
45,Male,64.3,1.81,19.7,13.3,177,153,81,1.48,Cardio,2.54,4,Intermediate,716
37,Male,70.8,1.81,21.7,23.3,180,167,79,0.49,HIIT,1.12,3,Beginner,312
56,Female,70.7,1.63,26.5,28.3,166,130,66,0.9,Strength,1.77,1,Beginner,313
59,Female,88.5,1.73,29.5,22.0,152,140,67,0.53,HIIT,1.47,2,Beginner,308
26,Female,52.2,1.73,17.5,30.1,194,181,66,0.35,HIIT,0.68,4,Intermediate,199
48,Male,99.9,1.82,30.0,11.4,166,163,75,0.42,HIIT,1.07,1,Beginner,339
30,Male,76.3,1.77,24.3,23.1,187,141,72,1.08,Strength,1.18,3,Intermediate,474
60,Male,50.3,1.69,17.6,23.7,161,140,67,0.75,Cardio,1.71,1,Beginner,211
28,Male,53.2,1.74,17.5,22.1,185,180,63,0.51,HIIT,1.19,7,Advanced,328
30,Female,51.6,1.65,19.0,22.7,195,181,63,0.72,HIIT,1.79,4,Advanced,405
48,Male,86.4,1.87,24.7,14.1,178,140,73,1.25,Strength,1.73,2,Beginner,584
51,Female,66.8,1.65,24.5,29.0,181,136,86,1.17,Yoga,0.84,3,Beginner,236
23,Female,72.2,1.63,27.2,38.5,194,159,69,0.89,Cardio,2.16,1,Beginner,392
41,Female,57.4,1.59,22.7,27.5,182,120,62,1.06,Yoga,1.24,4,Advanced,181
32,Male,65.5,1.78,20.6,10.6,173,142,68,0.8,Cardio,1.14,3,Beginner,326
44,Male,64.3,1.66,23.2,25.5,175,142,75,0.77,Cardio,1.63,4,Intermediate,341
41,Male,67.5,1.65,24.9,18.8,178,141,71,0.82,Strength,1.78,3,Intermediate,372
60,Female,72.8,1.68,25.7,32.8,175,142,62,1.08,Cardio,1.69,6,Advanced,599
58,Male,69.6,1.79,21.8,27.7,164,141,69,1.17,Cardio,1.84,4,Intermediate,541
46,Female,80.4,1.69,28.2,26.7,178,157,66,0.91,Cardio,1.59,5,Intermediate,534
47,Female,58.4,1.61,22.4,11.7,177,150,70,0.96,Strength,1.15,7,Advanced,382
56,Male,68.7,1.79,21.5,11.4,177,169,91,0.6,HIIT,1.09,3,Beginner,346
25,Female,60.8,1.63,22.7,21.1,189,166,71,0.77,Cardio,1.79,5,Advanced,379
49,Male,87.7,1.74,28.9,24.8,180,171,74,0.73,HIIT,1.44,1,Beginner,555
51,Female,67.8,1.67,24.3,23.5,161,149,67,0.67,HIIT,1.16,3,Intermediate,404
23,Male,57.4,1.61,22.2,24.3,180,142,60,0.75,Cardio,1.2,5,Advanced,323
55,Female,90.3,1.79,28.3,33.5,154,143,75,0.56,Cardio,1.34,4,Intermediate,330
48,Female,97.2,1.72,32.9,48.0,180,120,75,1.16,Yoga,0.8,5,Intermediate,318
32,Female,71.6,1.67,25.6,35.2,190,185,72,0.4,HIIT,1.02,2,Beginner,261
38,Male,98.5,1.83,29.5,34.3,188,153,78,1.15,Strength,2.26,4,Intermediate,774
39,Female,77.3,1.64,28.7,35.3,176,161,71,0.73,HIIT,1.98,3,Intermediate,445
57,Male,72.2,1.79,22.5,22.5,165,145,75,0.63,Cardio,1.31,4,Intermediate,304
59,Female,58.0,1.53,24.9,21.5,167,145,73,0.96,Strength,1.76,4,Intermediate,326
52,Male,52.3,1.62,19.9,10.7,182,179,73,0.59,HIIT,1.58,3,Beginner,284
46,Male,74.3,1.76,24.0,22.1,188,157,69,0.68,Cardio,1.2,2,Beginner,355
22,Male,66.1,1.72,22.4,11.0,198,182,74,0.28,HIIT,1.01,3,Beginner,160
57,Male,68.8,1.72,23.3,17.1,171,139,76,0.6,Strength,1.47,5,Intermediate,301
23,Male,78.3,1.89,22.0,13.9,201,187,71,0.56,HIIT,0.88,3,Beginner,408
25,Female,62.0,1.62,23.7,17.4,188,154,70,0.88,Strength,1.48,4,Advanced,427
20,Male,84.7,1.78,26.8,22.7,191,151,64,1.21,Strength,1.8,4,Intermediate,704
58,Female,63.1,1.61,24.3,41.4,167,138,79,0.47,Cardio,0.98,3,Beginner,174
39,Male,58.3,1.81,17.7,24.3,174,152,73,1.24,Cardio,1.96,5,Intermediate,519
28,Female,61.2,1.67,22.0,22.8,187,173,61,0.45,HIIT,1.1,7,Advanced,327
21,Female,48.5,1.6,19.0,11.8,185,158,73,0.77,Cardio,1.43,3,Beginner,250
35,Male,72.9,1.68,25.7,21.1,191,165,80,0.92,Cardio,1.81,2,Beginner,419
49,Female,70.8,1.63,26.7,30.5,178,157,67,0.92,Cardio,1.66,2,Beginner,370
60,Female,64.7,1.58,25.8,17.9,177,156,68,0.85,Cardio,1.41,3,Beginner,357
41,Female,54.7,1.58,21.8,20.1,168,155,70,0.59,HIIT,1.05,5,Intermediate,269
44,Male,81.9,1.78,25.7,21.0,191,153,81,1.12,Strength,1.49,4,Advanced,631
53,Male,65.5,1.69,23.0,24.0,160,111,70,1.03,Yoga,1.26,3,Beginner,233
56,Female,50.1,1.56,20.5,26.8,161,132,74,1.27,Cardio,1.82,5,Intermediate,358
30,Male,101.8,1.92,27.6,28.1,182,171,76,0.67,HIIT,1.62,2,Beginner,601
60,Female,74.8,1.64,27.9,37.5,176,148,67,0.9,Strength,1.47,5,Intermediate,379
40,Male,97.5,1.85,28.4,32.1,182,136,72,0.45,Strength,1.14,3,Intermediate,258
57,Female,59.6,1.63,22.5,34.6,167,117,72,1.08,Yoga,1.07,3,Beginner,136
23,Male,89.4,1.75,29.3,33.1,186,127,72,0.75,Yoga,0.75,2,Beginner,208
22,Male,73.7,1.79,22.9,18.9,183,121,61,0.76,Yoga,1.25,4,Intermediate,162
56,Female,84.9,1.76,27.3,27.6,177,146,68,0.25,Cardio,0.71,4,Advanced,139
46,Female,66.5,1.71,22.9,21.2,182,150,80,1.61,Cardio,2.38,1,Beginner,658
25,Female,70.6,1.72,23.9,21.3,200,180,75,0.64,HIIT,1.51,2,Beginner,403
56,Female,56.6,1.8,17.5,21.2,172,157,81,0.77,Cardio,1.51,3,Beginner,246
22,Male,79.5,1.83,23.7,23.6,174,159,74,0.58,HIIT,0.93,5,Intermediate,450
